Name,Pokedex_Number,Type,Ability,Hp,Attack,Defense,Sp_Attack,Sp_Defense,Speed,Generation
Bulbasaur,#00001,"['Grass', 'Poison']",Overgrow Chlorophyll,45,49,49,65,65,45,1
Ivysaur,#00002,"['Grass', 'Poison']",Overgrow Chlorophyll,60,62,63,80,80,60,1
Venusaur,#00003,"['Grass', 'Poison']",Overgrow Chlorophyll,80,82,83,100,100,80,1
Charmander,#00004,"['Fire', nan]",Blaze Solar Power,39,52,43,60,50,65,1
Charmeleon,#00005,"['Fire', nan]",Blaze Solar Power,58,64,58,80,65,80,1
Charizard,#00006,"['Fire', 'Flying']",Blaze Solar Power,78,84,78,109,85,100,1
Squirtle,#00007,"['Water', nan]",Torrent Rain Dish,44,48,65,50,64,43,1
Wartortle,#00008,"['Water', nan]",Torrent Rain Dish,59,63,80,65,80,58,1
Blastoise,#00009,"['Water', nan]",Torrent Rain Dish,79,83,100,85,105,78,1
Caterpie,#00010,"['Bug', nan]",Shield Dust Run Away,45,30,35,20,20,45,1
Metapod,#00011,"['Bug', nan]",Shed Skin,50,20,55,25,25,30,1
Butterfree,#00012,"['Bug', 'Flying']",Compoundeyes Tinted Lens,60,45,50,90,80,70,1
Weedle,#00013,"['Bug', 'Poison']",Shield Dust Run Away,40,35,30,20,20,50,1
Kakuna,#00014,"['Bug', 'Poison']",Shed Skin,45,25,50,25,25,35,1
Beedrill,#00015,"['Bug', 'Poison']",Swarm Sniper,65,90,40,45,80,75,1
Pidgey,#00016,"['Normal', 'Flying']",Keen Eye Tangled Feet Big Pecks,40,45,40,35,35,56,1
Pidgeotto,#00017,"['Normal', 'Flying']",Keen Eye Tangled Feet Big Pecks,63,60,55,50,50,71,1
Pidgeot,#00018,"['Normal', 'Flying']",Keen Eye Tangled Feet Big Pecks,83,80,75,70,70,101,1
Rattata,#00019,"['Normal', nan]",Run Away Guts Hustle,30,56,35,25,35,72,1
Raticate,#00020,"['Normal', nan]",Run Away Guts Hustle,55,81,60,50,70,97,1
Spearow,#00021,"['Normal', 'Flying']",Keen Eye Sniper,40,60,30,31,31,70,1
Fearow,#00022,"['Normal', 'Flying']",Keen Eye Sniper,65,90,65,61,61,100,1
Ekans,#00023,"['Poison', nan]",Intimidate Shed Skin Unnerve,35,60,44,40,54,55,1
Arbok,#00024,"['Poison', nan]",Intimidate Shed Skin Unnerve,60,95,69,65,79,80,1
Pikachu,#00025,"['Electric', nan]",Static Lightning Rod,35,55,40,50,50,90,1
Raichu,#00026,"['Electric', nan]",Static Lightning Rod,60,90,55,90,80,110,1
Sandshrew,#00027,"['Ground', nan]",Sand Veil Sand Rush,50,75,85,20,30,40,1
Sandslash,#00028,"['Ground', nan]",Sand Veil Sand Rush,75,100,110,45,55,65,1
Nidoran♀,#00029,"['Poison', nan]",Poison Point Rivalry Hustle,55,47,52,40,40,41,1
Nidorina,#00030,"['Poison', nan]",Poison Point Rivalry Hustle,70,62,67,55,55,56,1
Nidoqueen,#00031,"['Poison', 'Ground']",Poison Point Rivalry Sheer Force,90,92,87,75,85,76,1
Nidoran♂,#00032,"['Poison', nan]",Poison Point Rivalry Hustle,46,57,40,40,40,50,1
Nidorino,#00033,"['Poison', nan]",Poison Point Rivalry Hustle,61,72,57,55,55,65,1
Nidoking,#00034,"['Poison', 'Ground']",Poison Point Rivalry Sheer Force,81,102,77,85,75,85,1
Clefairy,#00035,"['Fairy', nan]",Cute Charm Magic Guard Friend Guard,70,45,48,60,65,35,1
Clefable,#00036,"['Fairy', nan]",Cute Charm Magic Guard Unaware,95,70,73,95,90,60,1
Vulpix,#00037,"['Fire', nan]",Flash Fire Drought,38,41,40,50,65,65,1
Ninetales,#00038,"['Fire', nan]",Flash Fire Drought,73,76,75,81,100,100,1
Jigglypuff,#00039,"['Normal', 'Fairy']",Cute Charm Competitive Friend Guard,115,45,20,45,25,20,1
Wigglytuff,#00040,"['Normal', 'Fairy']",Cute Charm Competitive Frisk,140,70,45,85,50,45,1
Zubat,#00041,"['Poison', 'Flying']",Inner Focus Infiltrator,40,45,35,30,40,55,1
Golbat,#00042,"['Poison', 'Flying']",Inner Focus Infiltrator,75,80,70,65,75,90,1
Oddish,#00043,"['Grass', 'Poison']",Chlorophyll Run Away,45,50,55,75,65,30,1
Gloom,#00044,"['Grass', 'Poison']",Chlorophyll Stench,60,65,70,85,75,40,1
Vileplume,#00045,"['Grass', 'Poison']",Chlorophyll Effect Spore,75,80,85,110,90,50,1
Paras,#00046,"['Bug', 'Grass']",Effect Spore Dry Skin Damp,35,70,55,45,55,25,1
Parasect,#00047,"['Bug', 'Grass']",Effect Spore Dry Skin Damp,60,95,80,60,80,30,1
Venonat,#00048,"['Bug', 'Poison']",Compoundeyes Tinted Lens Run Away,60,55,50,40,55,45,1
Venomoth,#00049,"['Bug', 'Poison']",Shield Dust Tinted Lens Wonder Skin,70,65,60,90,75,90,1
Diglett,#00050,"['Ground', nan]",Sand Veil Arena Trap Sand Force,10,55,25,35,45,95,1
Dugtrio,#00051,"['Ground', nan]",Sand Veil Arena Trap Sand Force,35,100,50,50,70,120,1
Meowth,#00052,"['Normal', nan]",Pickup Technician Unnerve,40,45,35,40,40,90,1
Persian,#00053,"['Normal', nan]",Limber Technician Unnerve,65,70,60,65,65,115,1
Psyduck,#00054,"['Water', nan]",Damp Cloud Nine Swift Swim,50,52,48,65,50,55,1
Golduck,#00055,"['Water', nan]",Damp Cloud Nine Swift Swim,80,82,78,95,80,85,1
Mankey,#00056,"['Fighting', nan]",Vital Spirit Anger Point Defiant,40,80,35,35,45,70,1
Primeape,#00057,"['Fighting', nan]",Vital Spirit Anger Point Defiant,65,105,60,60,70,95,1
Growlithe,#00058,"['Fire', nan]",Intimidate Flash Fire Justified,55,70,45,70,50,60,1
Arcanine,#00059,"['Fire', nan]",Intimidate Flash Fire Justified,90,110,80,100,80,95,1
Poliwag,#00060,"['Water', nan]",Water Absorb Damp Swift Swim,40,50,40,40,40,90,1
Poliwhirl,#00061,"['Water', nan]",Water Absorb Damp Swift Swim,65,65,65,50,50,90,1
Poliwrath,#00062,"['Water', 'Fighting']",Water Absorb Damp Swift Swim,90,95,95,70,90,70,1
Abra,#00063,"['Psychic', nan]",Synchronize Inner Focus Magic Guard,25,20,15,105,55,90,1
Kadabra,#00064,"['Psychic', nan]",Synchronize Inner Focus Magic Guard,40,35,30,120,70,105,1
Alakazam,#00065,"['Psychic', nan]",Synchronize Inner Focus Magic Guard,55,50,45,135,95,120,1
Machop,#00066,"['Fighting', nan]",Guts No Guard Steadfast,70,80,50,35,35,35,1
Machoke,#00067,"['Fighting', nan]",Guts No Guard Steadfast,80,100,70,50,60,45,1
Machamp,#00068,"['Fighting', nan]",Guts No Guard Steadfast,90,130,80,65,85,55,1
Bellsprout,#00069,"['Grass', 'Poison']",Chlorophyll Gluttony,50,75,35,70,30,40,1
Weepinbell,#00070,"['Grass', 'Poison']",Chlorophyll Gluttony,65,90,50,85,45,55,1
Victreebel,#00071,"['Grass', 'Poison']",Chlorophyll Gluttony,80,105,65,100,70,70,1
Tentacool,#00072,"['Water', 'Poison']",Clear Body Liquid Ooze Rain Dish,40,40,35,50,100,70,1
Tentacruel,#00073,"['Water', 'Poison']",Clear Body Liquid Ooze Rain Dish,80,70,65,80,120,100,1
Geodude,#00074,"['Rock', 'Ground']",Rock Head Sturdy Sand Veil,40,80,100,30,30,20,1
Graveler,#00075,"['Rock', 'Ground']",Rock Head Sturdy Sand Veil,55,95,115,45,45,35,1
Golem,#00076,"['Rock', 'Ground']",Rock Head Sturdy Sand Veil,80,120,130,55,65,45,1
Ponyta,#00077,"['Fire', nan]",Run Away Flash Fire Flame Body,50,85,55,65,65,90,1
Rapidash,#00078,"['Fire', nan]",Run Away Flash Fire Flame Body,65,100,70,80,80,105,1
Slowpoke,#00079,"['Water', 'Psychic']",Oblivious Own Tempo Regenerator,90,65,65,40,40,15,1
Slowbro,#00080,"['Water', 'Psychic']",Oblivious Own Tempo Regenerator,95,75,110,100,80,30,1
Magnemite,#00081,"['Electric', 'Steel']",Magnet Pull Sturdy Analytic,25,35,70,95,55,45,1
Magneton,#00082,"['Electric', 'Steel']",Magnet Pull Sturdy Analytic,50,60,95,120,70,70,1
Farfetch'd,#00083,"['Normal', 'Flying']",Keen Eye Inner Focus Defiant,52,90,55,58,62,60,1
Doduo,#00084,"['Normal', 'Flying']",Run Away Early Bird Tangled Feet,35,85,45,35,35,75,1
Dodrio,#00085,"['Normal', 'Flying']",Run Away Early Bird Tangled Feet,60,110,70,60,60,110,1
Seel,#00086,"['Water', nan]",Thick Fat Hydration Ice Body,65,45,55,45,70,45,1
Dewgong,#00087,"['Water', 'Ice']",Thick Fat Hydration Ice Body,90,70,80,70,95,70,1
Grimer,#00088,"['Poison', nan]",Stench Sticky Hold Poison Touch,80,80,50,40,50,25,1
Muk,#00089,"['Poison', nan]",Stench Sticky Hold Poison Touch,105,105,75,65,100,50,1
Shellder,#00090,"['Water', nan]",Shell Armor Skill Link Overcoat,30,65,100,45,25,40,1
Cloyster,#00091,"['Water', 'Ice']",Shell Armor Skill Link Overcoat,50,95,180,85,45,70,1
Gastly,#00092,"['Ghost', 'Poison']",Levitate,30,35,30,100,35,80,1
Haunter,#00093,"['Ghost', 'Poison']",Levitate,45,50,45,115,55,95,1
Gengar,#00094,"['Ghost', 'Poison']",Cursed Body,60,65,60,130,75,110,1
Onix,#00095,"['Rock', 'Ground']",Rock Head Sturdy Weak Armor,35,45,160,30,45,70,1
Drowzee,#00096,"['Psychic', nan]",Insomnia Forewarn Inner Focus,60,48,45,43,90,42,1
Hypno,#00097,"['Psychic', nan]",Insomnia Forewarn Inner Focus,85,73,70,73,115,67,1
Krabby,#00098,"['Water', nan]",Hyper Cutter Shell Armor Sheer Force,30,105,90,25,25,50,1
Kingler,#00099,"['Water', nan]",Hyper Cutter Shell Armor Sheer Force,55,130,115,50,50,75,1
Voltorb,#00100,"['Electric', nan]",Soundproof Static Aftermath,40,30,50,55,55,100,1
Electrode,#00101,"['Electric', nan]",Soundproof Static Aftermath,60,50,70,80,80,150,1
Exeggcute,#00102,"['Grass', 'Psychic']",Chlorophyll Harvest,60,40,80,60,45,40,1
Exeggutor,#00103,"['Grass', 'Psychic']",Chlorophyll Harvest,95,95,85,125,75,55,1
Cubone,#00104,"['Ground', nan]",Rock Head Lightning Rod Battle Armor,50,50,95,40,50,35,1
Marowak,#00105,"['Ground', nan]",Rock Head Lightning Rod Battle Armor,60,80,110,50,80,45,1
Hitmonlee,#00106,"['Fighting', nan]",Limber Reckless Unburden,50,120,53,35,110,87,1
Hitmonchan,#00107,"['Fighting', nan]",Keen Eye Iron Fist Inner Focus,50,105,79,35,110,76,1
Lickitung,#00108,"['Normal', nan]",Own Tempo Oblivious Cloud Nine,90,55,75,60,75,30,1
Koffing,#00109,"['Poison', nan]",Levitate Neutralizing Gas Stench,40,65,95,60,45,35,1
Weezing,#00110,"['Poison', nan]",Levitate Neutralizing Gas Stench,65,90,120,85,70,60,1
Rhyhorn,#00111,"['Ground', 'Rock']",Lightning Rod Rock Head Reckless,80,85,95,30,30,25,1
Rhydon,#00112,"['Ground', 'Rock']",Lightning Rod Rock Head Reckless,105,130,120,45,45,40,1
Chansey,#00113,"['Normal', nan]",Natural Cure Serene Grace Healer,250,5,5,35,105,50,1
Tangela,#00114,"['Grass', nan]",Chlorophyll Leaf Guard Regenerator,65,55,115,100,40,60,1
Kangaskhan,#00115,"['Normal', nan]",Early Bird Scrappy Inner Focus,105,95,80,40,80,90,1
Horsea,#00116,"['Water', nan]",Swift Swim Sniper Damp,30,40,70,70,25,60,1
Seadra,#00117,"['Water', nan]",Poison Point Sniper Damp,55,65,95,95,45,85,1
Goldeen,#00118,"['Water', nan]",Swift Swim Water Veil Lightning Rod,45,67,60,35,50,63,1
Seaking,#00119,"['Water', nan]",Swift Swim Water Veil Lightning Rod,80,92,65,65,80,68,1
Staryu,#00120,"['Water', nan]",Illuminate Natural Cure Analytic,30,45,55,70,55,85,1
Starmie,#00121,"['Water', 'Psychic']",Illuminate Natural Cure Analytic,60,75,85,100,85,115,1
Mr. Mime,#00122,"['Psychic', 'Fairy']",Soundproof Filter Technician,40,45,65,100,120,90,1
Scyther,#00123,"['Bug', 'Flying']",Swarm Technician Steadfast,70,110,80,55,80,105,1
Jynx,#00124,"['Ice', 'Psychic']",Oblivious Forewarn Dry Skin,65,50,35,115,95,95,1
Electabuzz,#00125,"['Electric', nan]",Static Vital Spirit,65,83,57,95,85,105,1
Magmar,#00126,"['Fire', nan]",Flame Body Vital Spirit,65,95,57,100,85,93,1
Pinsir,#00127,"['Bug', nan]",Hyper Cutter Mold Breaker Moxie,65,125,100,55,70,85,1
Tauros,#00128,"['Normal', nan]",Intimidate Anger Point Sheer Force,75,100,95,40,70,110,1
Magikarp,#00129,"['Water', nan]",Swift Swim Rattled,20,10,55,15,20,80,1
Gyarados,#00130,"['Water', 'Flying']",Intimidate Moxie,95,125,79,60,100,81,1
Lapras,#00131,"['Water', 'Ice']",Water Absorb Shell Armor Hydration,130,85,80,85,95,60,1
Ditto,#00132,"['Normal', nan]",Limber Imposter,48,48,48,48,48,48,1
Eevee,#00133,"['Normal', nan]",Run Away Adaptability Anticipation,55,55,50,45,65,55,1
Vaporeon,#00134,"['Water', nan]",Water Absorb Hydration,130,65,60,110,95,65,1
Jolteon,#00135,"['Electric', nan]",Volt Absorb Quick Feet,65,65,60,110,95,130,1
Flareon,#00136,"['Fire', nan]",Flash Fire Guts,65,130,60,95,110,65,1
Porygon,#00137,"['Normal', nan]",Trace Download Analytic,65,60,70,85,75,40,1
Omanyte,#00138,"['Rock', 'Water']",Swift Swim Shell Armor Weak Armor,35,40,100,90,55,35,1
Omastar,#00139,"['Rock', 'Water']",Swift Swim Shell Armor Weak Armor,70,60,125,115,70,55,1
Kabuto,#00140,"['Rock', 'Water']",Swift Swim Battle Armor Weak Armor,30,80,90,55,45,55,1
Kabutops,#00141,"['Rock', 'Water']",Swift Swim Battle Armor Weak Armor,60,115,105,65,70,80,1
Aerodactyl,#00142,"['Rock', 'Flying']",Rock Head Pressure Unnerve,80,105,65,60,75,130,1
Snorlax,#00143,"['Normal', nan]",Immunity Thick Fat Gluttony,160,110,65,65,110,30,1
Articuno,#00144,"['Ice', 'Flying']",Pressure Snow Cloak,90,85,100,95,125,85,1
Zapdos,#00145,"['Electric', 'Flying']",Pressure Static,90,90,85,125,90,100,1
Moltres,#00146,"['Fire', 'Flying']",Pressure Flame Body,90,100,90,125,85,90,1
Dratini,#00147,"['Dragon', nan]",Shed Skin Marvel Scale,41,64,45,50,50,50,1
Dragonair,#00148,"['Dragon', nan]",Shed Skin Marvel Scale,61,84,65,70,70,70,1
Dragonite,#00149,"['Dragon', 'Flying']",Inner Focus Multiscale,91,134,95,100,100,80,1
Mewtwo,#00150,"['Psychic', nan]",Pressure Unnerve,106,110,90,154,90,130,1
Mew,#00151,"['Psychic', nan]",Synchronize,100,100,100,100,100,100,1
Chikorita,#00152,"['Grass', nan]",Overgrow Leaf Guard,45,49,65,49,65,45,2
Bayleef,#00153,"['Grass', nan]",Overgrow Leaf Guard,60,62,80,63,80,60,2
Meganium,#00154,"['Grass', nan]",Overgrow Leaf Guard,80,82,100,83,100,80,2
Cyndaquil,#00155,"['Fire', nan]",Blaze Flash Fire,39,52,43,60,50,65,2
Quilava,#00156,"['Fire', nan]",Blaze Flash Fire,58,64,58,80,65,80,2
Typhlosion,#00157,"['Fire', nan]",Blaze Flash Fire,78,84,78,109,85,100,2
Totodile,#00158,"['Water', nan]",Torrent Sheer Force,50,65,64,44,48,43,2
Croconaw,#00159,"['Water', nan]",Torrent Sheer Force,65,80,80,59,63,58,2
Feraligatr,#00160,"['Water', nan]",Torrent Sheer Force,85,105,100,79,83,78,2
Sentret,#00161,"['Normal', nan]",Run Away Keen Eye Frisk,35,46,34,35,45,20,2
Furret,#00162,"['Normal', nan]",Run Away Keen Eye Frisk,85,76,64,45,55,90,2
Hoothoot,#00163,"['Normal', 'Flying']",Insomnia Keen Eye Tinted Lens,60,30,30,36,56,50,2
Noctowl,#00164,"['Normal', 'Flying']",Insomnia Keen Eye Tinted Lens,100,50,50,86,96,70,2
Ledyba,#00165,"['Bug', 'Flying']",Swarm Early Bird Rattled,40,20,30,40,80,55,2
Ledian,#00166,"['Bug', 'Flying']",Swarm Early Bird Iron Fist,55,35,50,55,110,85,2
Spinarak,#00167,"['Bug', 'Poison']",Swarm Insomnia Sniper,40,60,40,40,40,30,2
Ariados,#00168,"['Bug', 'Poison']",Swarm Insomnia Sniper,70,90,70,60,70,40,2
Crobat,#00169,"['Poison', 'Flying']",Inner Focus Infiltrator,85,90,80,70,80,130,2
Chinchou,#00170,"['Water', 'Electric']",Volt Absorb Illuminate Water Absorb,75,38,38,56,56,67,2
Lanturn,#00171,"['Water', 'Electric']",Volt Absorb Illuminate Water Absorb,125,58,58,76,76,67,2
Pichu,#00172,"['Electric', nan]",Static Lightning Rod,20,40,15,35,35,60,2
Cleffa,#00173,"['Fairy', nan]",Cute Charm Magic Guard Friend Guard,50,25,28,45,55,15,2
Igglybuff,#00174,"['Normal', 'Fairy']",Cute Charm Competitive Friend Guard,90,30,15,40,20,15,2
Togepi,#00175,"['Fairy', nan]",Hustle Serene Grace Super Luck,35,20,65,40,65,20,2
Togetic,#00176,"['Fairy', 'Flying']",Hustle Serene Grace Super Luck,55,40,85,80,105,40,2
Natu,#00177,"['Psychic', 'Flying']",Synchronize Early Bird Magic Bounce,40,50,45,70,45,70,2
Xatu,#00178,"['Psychic', 'Flying']",Synchronize Early Bird Magic Bounce,65,75,70,95,70,95,2
Mareep,#00179,"['Electric', nan]",Static Plus,55,40,40,65,45,35,2
Flaaffy,#00180,"['Electric', nan]",Static Plus,70,55,55,80,60,45,2
Ampharos,#00181,"['Electric', nan]",Static Plus,90,75,85,115,90,55,2
Bellossom,#00182,"['Grass', nan]",Chlorophyll Healer,75,80,95,90,100,50,2
Marill,#00183,"['Water', 'Fairy']",Thick Fat Huge Power Sap Sipper,70,20,50,20,50,40,2
Azumarill,#00184,"['Water', 'Fairy']",Thick Fat Huge Power Sap Sipper,100,50,80,60,80,50,2
Sudowoodo,#00185,"['Rock', nan]",Sturdy Rock Head Rattled,70,100,115,30,65,30,2
Politoed,#00186,"['Water', nan]",Water Absorb Damp Drizzle,90,75,75,90,100,70,2
Hoppip,#00187,"['Grass', 'Flying']",Chlorophyll Leaf Guard Infiltrator,35,35,40,35,55,50,2
Skiploom,#00188,"['Grass', 'Flying']",Chlorophyll Leaf Guard Infiltrator,55,45,50,45,65,80,2
Jumpluff,#00189,"['Grass', 'Flying']",Chlorophyll Leaf Guard Infiltrator,75,55,70,55,95,110,2
Aipom,#00190,"['Normal', nan]",Run Away Pickup Skill Link,55,70,55,40,55,85,2
Sunkern,#00191,"['Grass', nan]",Chlorophyll Solar Power Early Bird,30,30,30,30,30,30,2
Sunflora,#00192,"['Grass', nan]",Chlorophyll Solar Power Early Bird,75,75,55,105,85,30,2
Yanma,#00193,"['Bug', 'Flying']",Speed Boost Compoundeyes Frisk,65,65,45,75,45,95,2
Wooper,#00194,"['Water', 'Ground']",Damp Water Absorb Unaware,55,45,45,25,25,15,2
Quagsire,#00195,"['Water', 'Ground']",Damp Water Absorb Unaware,95,85,85,65,65,35,2
Espeon,#00196,"['Psychic', nan]",Synchronize Magic Bounce,65,65,60,130,95,110,2
Umbreon,#00197,"['Dark', nan]",Synchronize Inner Focus,95,65,110,60,130,65,2
Murkrow,#00198,"['Dark', 'Flying']",Insomnia Super Luck Prankster,60,85,42,85,42,91,2
Slowking,#00199,"['Water', 'Psychic']",Oblivious Own Tempo Regenerator,95,75,80,100,110,30,2
Misdreavus,#00200,"['Ghost', nan]",Levitate,60,60,60,85,85,85,2
Unown,#00201,"['Psychic', nan]",Levitate,48,72,48,72,48,48,2
Wobbuffet,#00202,"['Psychic', nan]",Shadow Tag Telepathy,190,33,58,33,58,33,2
Girafarig,#00203,"['Normal', 'Psychic']",Inner Focus Early Bird Sap Sipper,70,80,65,90,65,85,2
Pineco,#00204,"['Bug', nan]",Sturdy Overcoat,50,65,90,35,35,15,2
Forretress,#00205,"['Bug', 'Steel']",Sturdy Overcoat,75,90,140,60,60,40,2
Dunsparce,#00206,"['Normal', nan]",Serene Grace Run Away Rattled,100,70,70,65,65,45,2
Gligar,#00207,"['Ground', 'Flying']",Hyper Cutter Sand Veil Immunity,65,75,105,35,65,85,2
Steelix,#00208,"['Steel', 'Ground']",Rock Head Sturdy Sheer Force,75,85,200,55,65,30,2
Snubbull,#00209,"['Fairy', nan]",Intimidate Run Away Rattled,60,80,50,40,40,30,2
Granbull,#00210,"['Fairy', nan]",Intimidate Quick Feet Rattled,90,120,75,60,60,45,2
Qwilfish,#00211,"['Water', 'Poison']",Poison Point Swift Swim Intimidate,65,95,85,55,55,85,2
Scizor,#00212,"['Bug', 'Steel']",Swarm Technician Light Metal,70,130,100,55,80,65,2
Shuckle,#00213,"['Bug', 'Rock']",Sturdy Gluttony Contrary,20,10,230,10,230,5,2
Heracross,#00214,"['Bug', 'Fighting']",Swarm Guts Moxie,80,125,75,40,95,85,2
Sneasel,#00215,"['Dark', 'Ice']",Inner Focus Keen Eye Pickpocket,55,95,55,35,75,115,2
Teddiursa,#00216,"['Normal', nan]",Pickup Quick Feet Honey Gather,60,80,50,50,50,40,2
Ursaring,#00217,"['Normal', nan]",Guts Quick Feet Unnerve,90,130,75,75,75,55,2
Slugma,#00218,"['Fire', nan]",Magma Armor Flame Body Weak Armor,40,40,40,70,40,20,2
Magcargo,#00219,"['Fire', 'Rock']",Magma Armor Flame Body Weak Armor,60,50,120,90,80,30,2
Swinub,#00220,"['Ice', 'Ground']",Oblivious Snow Cloak Thick Fat,50,50,40,30,30,50,2
Piloswine,#00221,"['Ice', 'Ground']",Oblivious Snow Cloak Thick Fat,100,100,80,60,60,50,2
Corsola,#00222,"['Water', 'Rock']",Hustle Natural Cure Regenerator,65,55,95,65,95,35,2
Remoraid,#00223,"['Water', nan]",Hustle Sniper Moody,35,65,35,65,35,65,2
Octillery,#00224,"['Water', nan]",Suction Cups Sniper Moody,75,105,75,105,75,45,2
Delibird,#00225,"['Ice', 'Flying']",Vital Spirit Hustle Insomnia,45,55,45,65,45,75,2
Mantine,#00226,"['Water', 'Flying']",Swift Swim Water Absorb Water Veil,85,40,70,80,140,70,2
Skarmory,#00227,"['Steel', 'Flying']",Keen Eye Sturdy Weak Armor,65,80,140,40,70,70,2
Houndour,#00228,"['Dark', 'Fire']",Early Bird Flash Fire Unnerve,45,60,30,80,50,65,2
Houndoom,#00229,"['Dark', 'Fire']",Early Bird Flash Fire Unnerve,75,90,50,110,80,95,2
Kingdra,#00230,"['Water', 'Dragon']",Swift Swim Sniper Damp,75,95,95,95,95,85,2
Phanpy,#00231,"['Ground', nan]",Pickup Sand Veil,90,60,60,40,40,40,2
Donphan,#00232,"['Ground', nan]",Sturdy Sand Veil,90,120,120,60,60,50,2
Porygon2,#00233,"['Normal', nan]",Trace Download Analytic,85,80,90,105,95,60,2
Stantler,#00234,"['Normal', nan]",Intimidate Frisk Sap Sipper,73,95,62,85,65,85,2
Smeargle,#00235,"['Normal', nan]",Own Tempo Technician Moody,55,20,35,20,45,75,2
Tyrogue,#00236,"['Fighting', nan]",Guts Steadfast Vital Spirit,35,35,35,35,35,35,2
Hitmontop,#00237,"['Fighting', nan]",Intimidate Technician Steadfast,50,95,95,35,110,70,2
Smoochum,#00238,"['Ice', 'Psychic']",Oblivious Forewarn Hydration,45,30,15,85,65,65,2
Elekid,#00239,"['Electric', nan]",Static Vital Spirit,45,63,37,65,55,95,2
Magby,#00240,"['Fire', nan]",Flame Body Vital Spirit,45,75,37,70,55,83,2
Miltank,#00241,"['Normal', nan]",Thick Fat Scrappy Sap Sipper,95,80,105,40,70,100,2
Blissey,#00242,"['Normal', nan]",Natural Cure Serene Grace Healer,255,10,10,75,135,55,2
Raikou,#00243,"['Electric', nan]",Pressure Inner Focus,90,85,75,115,100,115,2
Entei,#00244,"['Fire', nan]",Pressure Inner Focus,115,115,85,90,75,100,2
Suicune,#00245,"['Water', nan]",Pressure Inner Focus,100,75,115,90,115,85,2
Larvitar,#00246,"['Rock', 'Ground']",Guts Sand Veil,50,64,50,45,50,41,2
Pupitar,#00247,"['Rock', 'Ground']",Shed Skin,70,84,70,65,70,51,2
Tyranitar,#00248,"['Rock', 'Dark']",Sand Stream Unnerve,100,134,110,95,100,61,2
Lugia,#00249,"['Psychic', 'Flying']",Pressure Multiscale,106,90,130,90,154,110,2
Ho-Oh,#00250,"['Fire', 'Flying']",Pressure Regenerator,106,130,90,110,154,90,2
Celebi,#00251,"['Psychic', 'Grass']",Natural Cure,100,100,100,100,100,100,2
Treecko,#00252,"['Grass', nan]",Overgrow Unburden,40,45,35,65,55,70,3
Grovyle,#00253,"['Grass', nan]",Overgrow Unburden,50,65,45,85,65,95,3
Sceptile,#00254,"['Grass', nan]",Overgrow Unburden,70,85,65,105,85,120,3
Torchic,#00255,"['Fire', nan]",Blaze Speed Boost,45,60,40,70,50,45,3
Combusken,#00256,"['Fire', 'Fighting']",Blaze Speed Boost,60,85,60,85,60,55,3
Blaziken,#00257,"['Fire', 'Fighting']",Blaze Speed Boost,80,120,70,110,70,80,3
Mudkip,#00258,"['Water', nan]",Torrent Damp,50,70,50,50,50,40,3
Marshtomp,#00259,"['Water', 'Ground']",Torrent Damp,70,85,70,60,70,50,3
Swampert,#00260,"['Water', 'Ground']",Torrent Damp,100,110,90,85,90,60,3
Poochyena,#00261,"['Dark', nan]",Run Away Quick Feet Rattled,35,55,35,30,30,35,3
Mightyena,#00262,"['Dark', nan]",Intimidate Quick Feet Moxie,70,90,70,60,60,70,3
Zigzagoon,#00263,"['Normal', nan]",Pickup Gluttony Quick Feet,38,30,41,30,41,60,3
Linoone,#00264,"['Normal', nan]",Pickup Gluttony Quick Feet,78,70,61,50,61,100,3
Wurmple,#00265,"['Bug', nan]",Shield Dust Run Away,45,45,35,20,30,20,3
Silcoon,#00266,"['Bug', nan]",Shed Skin,50,35,55,25,25,15,3
Beautifly,#00267,"['Bug', 'Flying']",Swarm Rivalry,60,70,50,100,50,65,3
Cascoon,#00268,"['Bug', nan]",Shed Skin,50,35,55,25,25,15,3
Dustox,#00269,"['Bug', 'Poison']",Shield Dust Compoundeyes,60,50,70,50,90,65,3
Lotad,#00270,"['Water', 'Grass']",Swift Swim Rain Dish Own Tempo,40,30,30,40,50,30,3
Lombre,#00271,"['Water', 'Grass']",Swift Swim Rain Dish Own Tempo,60,50,50,60,70,50,3
Ludicolo,#00272,"['Water', 'Grass']",Swift Swim Rain Dish Own Tempo,80,70,70,90,100,70,3
Seedot,#00273,"['Grass', nan]",Chlorophyll Early Bird Pickpocket,40,40,50,30,30,30,3
Nuzleaf,#00274,"['Grass', 'Dark']",Chlorophyll Early Bird Pickpocket,70,70,40,60,40,60,3
Shiftry,#00275,"['Grass', 'Dark']",Chlorophyll Early Bird Pickpocket,90,100,60,90,60,80,3
Taillow,#00276,"['Normal', 'Flying']",Guts Scrappy,40,55,30,30,30,85,3
Swellow,#00277,"['Normal', 'Flying']",Guts Scrappy,60,85,60,75,50,125,3
Wingull,#00278,"['Water', 'Flying']",Keen Eye Hydration Rain Dish,40,30,30,55,30,85,3
Pelipper,#00279,"['Water', 'Flying']",Keen Eye Drizzle Rain Dish,60,50,100,95,70,65,3
Ralts,#00280,"['Psychic', 'Fairy']",Synchronize Trace Telepathy,28,25,25,45,35,40,3
Kirlia,#00281,"['Psychic', 'Fairy']",Synchronize Trace Telepathy,38,35,35,65,55,50,3
Gardevoir,#00282,"['Psychic', 'Fairy']",Synchronize Trace Telepathy,68,65,65,125,115,80,3
Surskit,#00283,"['Bug', 'Water']",Swift Swim Rain Dish,40,30,32,50,52,65,3
Masquerain,#00284,"['Bug', 'Flying']",Intimidate Unnerve,70,60,62,100,82,80,3
Shroomish,#00285,"['Grass', nan]",Effect Spore Poison Heal Quick Feet,60,40,60,40,60,35,3
Breloom,#00286,"['Grass', 'Fighting']",Effect Spore Poison Heal Technician,60,130,80,60,60,70,3
Slakoth,#00287,"['Normal', nan]",Truant,60,60,60,35,35,30,3
Vigoroth,#00288,"['Normal', nan]",Vital Spirit,80,80,80,55,55,90,3
Slaking,#00289,"['Normal', nan]",Truant,150,160,100,95,65,100,3
Nincada,#00290,"['Bug', 'Ground']",Compoundeyes Run Away,31,45,90,30,30,40,3
Ninjask,#00291,"['Bug', 'Flying']",Speed Boost Infiltrator,61,90,45,50,50,160,3
Shedinja,#00292,"['Bug', 'Ghost']",Wonder Guard,1,90,45,30,30,40,3
Whismur,#00293,"['Normal', nan]",Soundproof Rattled,64,51,23,51,23,28,3
Loudred,#00294,"['Normal', nan]",Soundproof Scrappy,84,71,43,71,43,48,3
Exploud,#00295,"['Normal', nan]",Soundproof Scrappy,104,91,63,91,73,68,3
Makuhita,#00296,"['Fighting', nan]",Thick Fat Guts Sheer Force,72,60,30,20,30,25,3
Hariyama,#00297,"['Fighting', nan]",Thick Fat Guts Sheer Force,144,120,60,40,60,50,3
Azurill,#00298,"['Normal', 'Fairy']",Thick Fat Huge Power Sap Sipper,50,20,40,20,40,20,3
Nosepass,#00299,"['Rock', nan]",Sturdy Magnet Pull Sand Force,30,45,135,45,90,30,3
Skitty,#00300,"['Normal', nan]",Cute Charm Normalize Wonder Skin,50,45,45,35,35,50,3
Delcatty,#00301,"['Normal', nan]",Cute Charm Normalize Wonder Skin,70,65,65,55,55,90,3
Sableye,#00302,"['Dark', 'Ghost']",Keen Eye Stall Prankster,50,75,75,65,65,50,3
Mawile,#00303,"['Steel', 'Fairy']",Hyper Cutter Intimidate Sheer Force,50,85,85,55,55,50,3
Aron,#00304,"['Steel', 'Rock']",Sturdy Rock Head Heavy Metal,50,70,100,40,40,30,3
Lairon,#00305,"['Steel', 'Rock']",Sturdy Rock Head Heavy Metal,60,90,140,50,50,40,3
Aggron,#00306,"['Steel', 'Rock']",Sturdy Rock Head Heavy Metal,70,110,180,60,60,50,3
Meditite,#00307,"['Fighting', 'Psychic']",Pure Power Telepathy,30,40,55,40,55,60,3
Medicham,#00308,"['Fighting', 'Psychic']",Pure Power Telepathy,60,60,75,60,75,80,3
Electrike,#00309,"['Electric', nan]",Static Lightning Rod Minus,40,45,40,65,40,65,3
Manectric,#00310,"['Electric', nan]",Static Lightning Rod Minus,70,75,60,105,60,105,3
Plusle,#00311,"['Electric', nan]",Plus Lightning Rod,60,50,40,85,75,95,3
Minun,#00312,"['Electric', nan]",Minus Volt Absorb,60,40,50,75,85,95,3
Volbeat,#00313,"['Bug', nan]",Illuminate Swarm Prankster,65,73,75,47,85,85,3
Illumise,#00314,"['Bug', nan]",Oblivious Tinted Lens Prankster,65,47,75,73,85,85,3
Roselia,#00315,"['Grass', 'Poison']",Natural Cure Poison Point Leaf Guard,50,60,45,100,80,65,3
Gulpin,#00316,"['Poison', nan]",Liquid Ooze Sticky Hold Gluttony,70,43,53,43,53,40,3
Swalot,#00317,"['Poison', nan]",Liquid Ooze Sticky Hold Gluttony,100,73,83,73,83,55,3
Carvanha,#00318,"['Water', 'Dark']",Rough Skin Speed Boost,45,90,20,65,20,65,3
Sharpedo,#00319,"['Water', 'Dark']",Rough Skin Speed Boost,70,120,40,95,40,95,3
Wailmer,#00320,"['Water', nan]",Water Veil Oblivious Pressure,130,70,35,70,35,60,3
Wailord,#00321,"['Water', nan]",Water Veil Oblivious Pressure,170,90,45,90,45,60,3
Numel,#00322,"['Fire', 'Ground']",Oblivious Simple Own Tempo,60,60,40,65,45,35,3
Camerupt,#00323,"['Fire', 'Ground']",Magma Armor Solid Rock Anger Point,70,100,70,105,75,40,3
Torkoal,#00324,"['Fire', nan]",White Smoke Drought Shell Armor,70,85,140,85,70,20,3
Spoink,#00325,"['Psychic', nan]",Thick Fat Own Tempo Gluttony,60,25,35,70,80,60,3
Grumpig,#00326,"['Psychic', nan]",Thick Fat Own Tempo Gluttony,80,45,65,90,110,80,3
Spinda,#00327,"['Normal', nan]",Own Tempo Tangled Feet Contrary,60,60,60,60,60,60,3
Trapinch,#00328,"['Ground', nan]",Hyper Cutter Arena Trap Sheer Force,45,100,45,45,45,10,3
Vibrava,#00329,"['Ground', 'Dragon']",Levitate,50,70,50,50,50,70,3
Flygon,#00330,"['Ground', 'Dragon']",Levitate,80,100,80,80,80,100,3
Cacnea,#00331,"['Grass', nan]",Sand Veil Water Absorb,50,85,40,85,40,35,3
Cacturne,#00332,"['Grass', 'Dark']",Sand Veil Water Absorb,70,115,60,115,60,55,3
Swablu,#00333,"['Normal', 'Flying']",Natural Cure Cloud Nine,45,40,60,40,75,50,3
Altaria,#00334,"['Dragon', 'Flying']",Natural Cure Cloud Nine,75,70,90,70,105,80,3
Zangoose,#00335,"['Normal', nan]",Immunity Toxic Boost,73,115,60,60,60,90,3
Seviper,#00336,"['Poison', nan]",Shed Skin Infiltrator,73,100,60,100,60,65,3
Lunatone,#00337,"['Rock', 'Psychic']",Levitate,90,55,65,95,85,70,3
Solrock,#00338,"['Rock', 'Psychic']",Levitate,90,95,85,55,65,70,3
Barboach,#00339,"['Water', 'Ground']",Oblivious Anticipation Hydration,50,48,43,46,41,60,3
Whiscash,#00340,"['Water', 'Ground']",Oblivious Anticipation Hydration,110,78,73,76,71,60,3
Corphish,#00341,"['Water', nan]",Hyper Cutter Shell Armor Adaptability,43,80,65,50,35,35,3
Crawdaunt,#00342,"['Water', 'Dark']",Hyper Cutter Shell Armor Adaptability,63,120,85,90,55,55,3
Baltoy,#00343,"['Ground', 'Psychic']",Levitate,40,40,55,40,70,55,3
Claydol,#00344,"['Ground', 'Psychic']",Levitate,60,70,105,70,120,75,3
Lileep,#00345,"['Rock', 'Grass']",Suction Cups Storm Drain,66,41,77,61,87,23,3
Cradily,#00346,"['Rock', 'Grass']",Suction Cups Storm Drain,86,81,97,81,107,43,3
Anorith,#00347,"['Rock', 'Bug']",Battle Armor Swift Swim,45,95,50,40,50,75,3
Armaldo,#00348,"['Rock', 'Bug']",Battle Armor Swift Swim,75,125,100,70,80,45,3
Feebas,#00349,"['Water', nan]",Swift Swim Oblivious Adaptability,20,15,20,10,55,80,3
Milotic,#00350,"['Water', nan]",Marvel Scale Competitive Cute Charm,95,60,79,100,125,81,3
Castform,#00351,"['Normal', nan]",Forecast,70,70,70,70,70,70,3
Kecleon,#00352,"['Normal', nan]",Color Change Protean,60,90,70,60,120,40,3
Shuppet,#00353,"['Ghost', nan]",Insomnia Frisk Cursed Body,44,75,35,63,33,45,3
Banette,#00354,"['Ghost', nan]",Insomnia Frisk Cursed Body,64,115,65,83,63,65,3
Duskull,#00355,"['Ghost', nan]",Levitate Frisk,20,40,90,30,90,25,3
Dusclops,#00356,"['Ghost', nan]",Pressure Frisk,40,70,130,60,130,25,3
Tropius,#00357,"['Grass', 'Flying']",Chlorophyll Solar Power Harvest,99,68,83,72,87,51,3
Chimecho,#00358,"['Psychic', nan]",Levitate,75,50,80,95,90,65,3
Absol,#00359,"['Dark', nan]",Pressure Super Luck Justified,65,130,60,75,60,75,3
Wynaut,#00360,"['Psychic', nan]",Shadow Tag Telepathy,95,23,48,23,48,23,3
Snorunt,#00361,"['Ice', nan]",Inner Focus Ice Body Moody,50,50,50,50,50,50,3
Glalie,#00362,"['Ice', nan]",Inner Focus Ice Body Moody,80,80,80,80,80,80,3
Spheal,#00363,"['Ice', 'Water']",Thick Fat Ice Body Oblivious,70,40,50,55,50,25,3
Sealeo,#00364,"['Ice', 'Water']",Thick Fat Ice Body Oblivious,90,60,70,75,70,45,3
Walrein,#00365,"['Ice', 'Water']",Thick Fat Ice Body Oblivious,110,80,90,95,90,65,3
Clamperl,#00366,"['Water', nan]",Shell Armor Rattled,35,64,85,74,55,32,3
Huntail,#00367,"['Water', nan]",Swift Swim Water Veil,55,104,105,94,75,52,3
Gorebyss,#00368,"['Water', nan]",Swift Swim Hydration,55,84,105,114,75,52,3
Relicanth,#00369,"['Water', 'Rock']",Swift Swim Rock Head Sturdy,100,90,130,45,65,55,3
Luvdisc,#00370,"['Water', nan]",Swift Swim Hydration,43,30,55,40,65,97,3
Bagon,#00371,"['Dragon', nan]",Rock Head Sheer Force,45,75,60,40,30,50,3
Shelgon,#00372,"['Dragon', nan]",Rock Head Overcoat,65,95,100,60,50,50,3
Salamence,#00373,"['Dragon', 'Flying']",Intimidate Moxie,95,135,80,110,80,100,3
Beldum,#00374,"['Steel', 'Psychic']",Clear Body Light Metal,40,55,80,35,60,30,3
Metang,#00375,"['Steel', 'Psychic']",Clear Body Light Metal,60,75,100,55,80,50,3
Metagross,#00376,"['Steel', 'Psychic']",Clear Body Light Metal,80,135,130,95,90,70,3
Regirock,#00377,"['Rock', nan]",Clear Body Sturdy,80,100,200,50,100,50,3
Regice,#00378,"['Ice', nan]",Clear Body Ice Body,80,50,100,100,200,50,3
Registeel,#00379,"['Steel', nan]",Clear Body Light Metal,80,75,150,75,150,50,3
Latias,#00380,"['Dragon', 'Psychic']",Levitate,80,80,90,110,130,110,3
Latios,#00381,"['Dragon', 'Psychic']",Levitate,80,90,80,130,110,110,3
Kyogre,#00382,"['Water', nan]",Drizzle,100,100,90,150,140,90,3
Groudon,#00383,"['Ground', nan]",Drought,100,150,140,100,90,90,3
Rayquaza,#00384,"['Dragon', 'Flying']",Air Lock,105,150,90,150,90,95,3
Jirachi,#00385,"['Steel', 'Psychic']",Serene Grace,100,100,100,100,100,100,3
Deoxys,#00386,"['Psychic', nan]",Pressure,50,150,50,150,50,150,3
Turtwig,#00387,"['Grass', nan]",Overgrow Shell Armor,55,68,64,45,55,31,4
Grotle,#00388,"['Grass', nan]",Overgrow Shell Armor,75,89,85,55,65,36,4
Torterra,#00389,"['Grass', 'Ground']",Overgrow Shell Armor,95,109,105,75,85,56,4
Chimchar,#00390,"['Fire', nan]",Blaze Iron Fist,44,58,44,58,44,61,4
Monferno,#00391,"['Fire', 'Fighting']",Blaze Iron Fist,64,78,52,78,52,81,4
Infernape,#00392,"['Fire', 'Fighting']",Blaze Iron Fist,76,104,71,104,71,108,4
Piplup,#00393,"['Water', nan]",Torrent Defiant,53,51,53,61,56,40,4
Prinplup,#00394,"['Water', nan]",Torrent Defiant,64,66,68,81,76,50,4
Empoleon,#00395,"['Water', 'Steel']",Torrent Defiant,84,86,88,111,101,60,4
Starly,#00396,"['Normal', 'Flying']",Keen Eye Reckless,40,55,30,30,30,60,4
Staravia,#00397,"['Normal', 'Flying']",Intimidate Reckless,55,75,50,40,40,80,4
Staraptor,#00398,"['Normal', 'Flying']",Intimidate Reckless,85,120,70,50,60,100,4
Bidoof,#00399,"['Normal', nan]",Simple Unaware Moody,59,45,40,35,40,31,4
Bibarel,#00400,"['Normal', 'Water']",Simple Unaware Moody,79,85,60,55,60,71,4
Kricketot,#00401,"['Bug', nan]",Shed Skin Run Away,37,25,41,25,41,25,4
Kricketune,#00402,"['Bug', nan]",Swarm Technician,77,85,51,55,51,65,4
Shinx,#00403,"['Electric', nan]",Rivalry Intimidate Guts,45,65,34,40,34,45,4
Luxio,#00404,"['Electric', nan]",Rivalry Intimidate Guts,60,85,49,60,49,60,4
Luxray,#00405,"['Electric', nan]",Rivalry Intimidate Guts,80,120,79,95,79,70,4
Budew,#00406,"['Grass', 'Poison']",Natural Cure Poison Point Leaf Guard,40,30,35,50,70,55,4
Roserade,#00407,"['Grass', 'Poison']",Natural Cure Poison Point Technician,60,70,65,125,105,90,4
Cranidos,#00408,"['Rock', nan]",Mold Breaker Sheer Force,67,125,40,30,30,58,4
Rampardos,#00409,"['Rock', nan]",Mold Breaker Sheer Force,97,165,60,65,50,58,4
Shieldon,#00410,"['Rock', 'Steel']",Sturdy Soundproof,30,42,118,42,88,30,4
Bastiodon,#00411,"['Rock', 'Steel']",Sturdy Soundproof,60,52,168,47,138,30,4
Burmy,#00412,"['Bug', nan]",Shed Skin Overcoat,40,29,45,29,45,36,4
Wormadam,#00413,"['Bug', 'Grass']",Anticipation Overcoat,60,59,85,79,105,36,4
Mothim,#00414,"['Bug', 'Flying']",Swarm Tinted Lens,70,94,50,94,50,66,4
Combee,#00415,"['Bug', 'Flying']",Honey Gather Hustle,30,30,42,30,42,70,4
Vespiquen,#00416,"['Bug', 'Flying']",Pressure Unnerve,70,80,102,80,102,40,4
Pachirisu,#00417,"['Electric', nan]",Run Away Pickup Volt Absorb,60,45,70,45,90,95,4
Buizel,#00418,"['Water', nan]",Swift Swim Water Veil,55,65,35,60,30,85,4
Floatzel,#00419,"['Water', nan]",Swift Swim Water Veil,85,105,55,85,50,115,4
Cherubi,#00420,"['Grass', nan]",Chlorophyll,45,35,45,62,53,35,4
Cherrim,#00421,"['Grass', nan]",Flower Gift,70,60,70,87,78,85,4
Shellos,#00422,"['Water', nan]",Sticky Hold Storm Drain Sand Force,76,48,48,57,62,34,4
Gastrodon,#00423,"['Water', 'Ground']",Sticky Hold Storm Drain Sand Force,111,83,68,92,82,39,4
Ambipom,#00424,"['Normal', nan]",Technician Pickup Skill Link,75,100,66,60,66,115,4
Drifloon,#00425,"['Ghost', 'Flying']",Aftermath Unburden Flare Boost,90,50,34,60,44,70,4
Drifblim,#00426,"['Ghost', 'Flying']",Aftermath Unburden Flare Boost,150,80,44,90,54,80,4
Buneary,#00427,"['Normal', nan]",Run Away Klutz Limber,55,66,44,44,56,85,4
Lopunny,#00428,"['Normal', nan]",Cute Charm Klutz Limber,65,76,84,54,96,105,4
Mismagius,#00429,"['Ghost', nan]",Levitate,60,60,60,105,105,105,4
Honchkrow,#00430,"['Dark', 'Flying']",Insomnia Super Luck Moxie,100,125,52,105,52,71,4
Glameow,#00431,"['Normal', nan]",Limber Own Tempo Keen Eye,49,55,42,42,37,85,4
Purugly,#00432,"['Normal', nan]",Thick Fat Own Tempo Defiant,71,82,64,64,59,112,4
Chingling,#00433,"['Psychic', nan]",Levitate,45,30,50,65,50,45,4
Stunky,#00434,"['Poison', 'Dark']",Stench Aftermath Keen Eye,63,63,47,41,41,74,4
Skuntank,#00435,"['Poison', 'Dark']",Stench Aftermath Keen Eye,103,93,67,71,61,84,4
Bronzor,#00436,"['Steel', 'Psychic']",Levitate Heatproof Heavy Metal,57,24,86,24,86,23,4
Bronzong,#00437,"['Steel', 'Psychic']",Levitate Heatproof Heavy Metal,67,89,116,79,116,33,4
Bonsly,#00438,"['Rock', nan]",Sturdy Rock Head Rattled,50,80,95,10,45,10,4
Mime Jr.,#00439,"['Psychic', 'Fairy']",Soundproof Filter Technician,20,25,45,70,90,60,4
Happiny,#00440,"['Normal', nan]",Natural Cure Serene Grace Friend Guard,100,5,5,15,65,30,4
Chatot,#00441,"['Normal', 'Flying']",Keen Eye Tangled Feet Big Pecks,76,65,45,92,42,91,4
Spiritomb,#00442,"['Ghost', 'Dark']",Pressure Infiltrator,50,92,108,92,108,35,4
Gible,#00443,"['Dragon', 'Ground']",Sand Veil Rough Skin,58,70,45,40,45,42,4
Gabite,#00444,"['Dragon', 'Ground']",Sand Veil Rough Skin,68,90,65,50,55,82,4
Garchomp,#00445,"['Dragon', 'Ground']",Sand Veil Rough Skin,108,130,95,80,85,102,4
Munchlax,#00446,"['Normal', nan]",Pickup Thick Fat Gluttony,135,85,40,40,85,5,4
Riolu,#00447,"['Fighting', nan]",Steadfast Inner Focus Prankster,40,70,40,35,40,60,4
Lucario,#00448,"['Fighting', 'Steel']",Steadfast Inner Focus Justified,70,110,70,115,70,90,4
Hippopotas,#00449,"['Ground', nan]",Sand Stream Sand Force,68,72,78,38,42,32,4
Hippowdon,#00450,"['Ground', nan]",Sand Stream Sand Force,108,112,118,68,72,47,4
Skorupi,#00451,"['Poison', 'Bug']",Battle Armor Sniper Keen Eye,40,50,90,30,55,65,4
Drapion,#00452,"['Poison', 'Dark']",Battle Armor Sniper Keen Eye,70,90,110,60,75,95,4
Croagunk,#00453,"['Poison', 'Fighting']",Anticipation Dry Skin Poison Touch,48,61,40,61,40,50,4
Toxicroak,#00454,"['Poison', 'Fighting']",Anticipation Dry Skin Poison Touch,83,106,65,86,65,85,4
Carnivine,#00455,"['Grass', nan]",Levitate,74,100,72,90,72,46,4
Finneon,#00456,"['Water', nan]",Swift Swim Storm Drain Water Veil,49,49,56,49,61,66,4
Lumineon,#00457,"['Water', nan]",Swift Swim Storm Drain Water Veil,69,69,76,69,86,91,4
Mantyke,#00458,"['Water', 'Flying']",Swift Swim Water Absorb Water Veil,45,20,50,60,120,50,4
Snover,#00459,"['Grass', 'Ice']",Snow Warning Soundproof,60,62,50,62,60,40,4
Abomasnow,#00460,"['Grass', 'Ice']",Snow Warning Soundproof,90,92,75,92,85,60,4
Weavile,#00461,"['Dark', 'Ice']",Pressure Pickpocket,70,120,65,45,85,125,4
Magnezone,#00462,"['Electric', 'Steel']",Magnet Pull Sturdy Analytic,70,70,115,130,90,60,4
Lickilicky,#00463,"['Normal', nan]",Own Tempo Oblivious Cloud Nine,110,85,95,80,95,50,4
Rhyperior,#00464,"['Ground', 'Rock']",Lightning Rod Solid Rock Reckless,115,140,130,55,55,40,4
Tangrowth,#00465,"['Grass', nan]",Chlorophyll Leaf Guard Regenerator,100,100,125,110,50,50,4
Electivire,#00466,"['Electric', nan]",Motor Drive Vital Spirit,75,123,67,95,85,95,4
Magmortar,#00467,"['Fire', nan]",Flame Body Vital Spirit,75,95,67,125,95,83,4
Togekiss,#00468,"['Fairy', 'Flying']",Hustle Serene Grace Super Luck,85,50,95,120,115,80,4
Yanmega,#00469,"['Bug', 'Flying']",Speed Boost Tinted Lens Frisk,86,76,86,116,56,95,4
Leafeon,#00470,"['Grass', nan]",Leaf Guard Chlorophyll,65,110,130,60,65,95,4
Glaceon,#00471,"['Ice', nan]",Snow Cloak Ice Body,65,60,110,130,95,65,4
Gliscor,#00472,"['Ground', 'Flying']",Hyper Cutter Sand Veil Poison Heal,75,95,125,45,75,95,4
Mamoswine,#00473,"['Ice', 'Ground']",Oblivious Snow Cloak Thick Fat,110,130,80,70,60,80,4
Porygon-Z,#00474,"['Normal', nan]",Adaptability Download Analytic,85,80,70,135,75,90,4
Gallade,#00475,"['Psychic', 'Fighting']",Steadfast Justified,68,125,65,65,115,80,4
Probopass,#00476,"['Rock', 'Steel']",Sturdy Magnet Pull Sand Force,60,55,145,75,150,40,4
Dusknoir,#00477,"['Ghost', nan]",Pressure Frisk,45,100,135,65,135,45,4
Froslass,#00478,"['Ice', 'Ghost']",Snow Cloak Cursed Body,70,80,70,80,70,110,4
Rotom,#00479,"['Electric', 'Ghost']",Levitate,50,50,77,95,77,91,4
Uxie,#00480,"['Psychic', nan]",Levitate,75,75,130,75,130,95,4
Mesprit,#00481,"['Psychic', nan]",Levitate,80,105,105,105,105,80,4
Azelf,#00482,"['Psychic', nan]",Levitate,75,125,70,125,70,115,4
Dialga,#00483,"['Steel', 'Dragon']",Pressure Telepathy,100,120,120,150,100,90,4
Palkia,#00484,"['Water', 'Dragon']",Pressure Telepathy,90,120,100,150,120,100,4
Heatran,#00485,"['Fire', 'Steel']",Flash Fire Flame Body,91,90,106,130,106,77,4
Regigigas,#00486,"['Normal', nan]",Slow Start,110,160,110,80,110,100,4
Giratina,#00487,"['Ghost', 'Dragon']",Pressure Telepathy,150,100,120,100,120,90,4
Cresselia,#00488,"['Psychic', nan]",Levitate,120,70,110,75,120,85,4
Phione,#00489,"['Water', nan]",Hydration,80,80,80,80,80,80,4
Manaphy,#00490,"['Water', nan]",Hydration,100,100,100,100,100,100,4
Darkrai,#00491,"['Dark', nan]",Bad Dreams,70,90,90,135,90,125,4
Shaymin,#00492,"['Grass', nan]",Natural Cure,100,100,100,100,100,100,4
Arceus,#00493,"['Normal', nan]",Multitype,120,120,120,120,120,120,4
Victini,#00494,"['Psychic', 'Fire']",Victory Star,100,100,100,100,100,100,4
Snivy,#00495,"['Grass', nan]",Overgrow Contrary,45,45,55,45,55,63,5
Servine,#00496,"['Grass', nan]",Overgrow Contrary,60,60,75,60,75,83,5
Serperior,#00497,"['Grass', nan]",Overgrow Contrary,75,75,95,75,95,113,5
Tepig,#00498,"['Fire', nan]",Blaze Thick Fat,65,63,45,45,45,45,5
Pignite,#00499,"['Fire', 'Fighting']",Blaze Thick Fat,90,93,55,70,55,55,5
Emboar,#00500,"['Fire', 'Fighting']",Blaze Reckless,110,123,65,100,65,65,5
Oshawott,#00501,"['Water', nan]",Torrent Shell Armor,55,55,45,63,45,45,5
Dewott,#00502,"['Water', nan]",Torrent Shell Armor,75,75,60,83,60,60,5
Samurott,#00503,"['Water', nan]",Torrent Shell Armor,95,100,85,108,70,70,5
Patrat,#00504,"['Normal', nan]",Run Away Keen Eye Analytic,45,55,39,35,39,42,5
Watchog,#00505,"['Normal', nan]",Illuminate Keen Eye Analytic,60,85,69,60,69,77,5
Lillipup,#00506,"['Normal', nan]",Vital Spirit Pickup Run Away,45,60,45,25,45,55,5
Herdier,#00507,"['Normal', nan]",Intimidate Sand Rush Scrappy,65,80,65,35,65,60,5
Stoutland,#00508,"['Normal', nan]",Intimidate Sand Rush Scrappy,85,110,90,45,90,80,5
Purrloin,#00509,"['Dark', nan]",Limber Unburden Prankster,41,50,37,50,37,66,5
Liepard,#00510,"['Dark', nan]",Limber Unburden Prankster,64,88,50,88,50,106,5
Pansage,#00511,"['Grass', nan]",Gluttony Overgrow,50,53,48,53,48,64,5
Simisage,#00512,"['Grass', nan]",Gluttony Overgrow,75,98,63,98,63,101,5
Pansear,#00513,"['Fire', nan]",Gluttony Blaze,50,53,48,53,48,64,5
Simisear,#00514,"['Fire', nan]",Gluttony Blaze,75,98,63,98,63,101,5
Panpour,#00515,"['Water', nan]",Gluttony Torrent,50,53,48,53,48,64,5
Simipour,#00516,"['Water', nan]",Gluttony Torrent,75,98,63,98,63,101,5
Munna,#00517,"['Psychic', nan]",Forewarn Synchronize Telepathy,76,25,45,67,55,24,5
Musharna,#00518,"['Psychic', nan]",Forewarn Synchronize Telepathy,116,55,85,107,95,29,5
Pidove,#00519,"['Normal', 'Flying']",Big Pecks Super Luck Rivalry,50,55,50,36,30,43,5
Tranquill,#00520,"['Normal', 'Flying']",Big Pecks Super Luck Rivalry,62,77,62,50,42,65,5
Unfezant,#00521,"['Normal', 'Flying']",Big Pecks Super Luck Rivalry,80,115,80,65,55,93,5
Blitzle,#00522,"['Electric', nan]",Lightning Rod Motor Drive Sap Sipper,45,60,32,50,32,76,5
Zebstrika,#00523,"['Electric', nan]",Lightning Rod Motor Drive Sap Sipper,75,100,63,80,63,116,5
Roggenrola,#00524,"['Rock', nan]",Sturdy Weak Armor Sand Force,55,75,85,25,25,15,5
Boldore,#00525,"['Rock', nan]",Sturdy Weak Armor Sand Force,70,105,105,50,40,20,5
Gigalith,#00526,"['Rock', nan]",Sturdy Sand Stream Sand Force,85,135,130,60,80,25,5
Woobat,#00527,"['Psychic', 'Flying']",Unaware Klutz Simple,65,45,43,55,43,72,5
Swoobat,#00528,"['Psychic', 'Flying']",Unaware Klutz Simple,67,57,55,77,55,114,5
Drilbur,#00529,"['Ground', nan]",Sand Rush Sand Force Mold Breaker,60,85,40,30,45,68,5
Excadrill,#00530,"['Ground', 'Steel']",Sand Rush Sand Force Mold Breaker,110,135,60,50,65,88,5
Audino,#00531,"['Normal', nan]",Healer Regenerator Klutz,103,60,86,60,86,50,5
Timburr,#00532,"['Fighting', nan]",Guts Sheer Force Iron Fist,75,80,55,25,35,35,5
Gurdurr,#00533,"['Fighting', nan]",Guts Sheer Force Iron Fist,85,105,85,40,50,40,5
Conkeldurr,#00534,"['Fighting', nan]",Guts Sheer Force Iron Fist,105,140,95,55,65,45,5
Tympole,#00535,"['Water', nan]",Swift Swim Hydration Water Absorb,50,50,40,50,40,64,5
Palpitoad,#00536,"['Water', 'Ground']",Swift Swim Hydration Water Absorb,75,65,55,65,55,69,5
Seismitoad,#00537,"['Water', 'Ground']",Swift Swim Poison Touch Water Absorb,105,95,75,85,75,74,5
Throh,#00538,"['Fighting', nan]",Guts Inner Focus Mold Breaker,120,100,85,30,85,45,5
Sawk,#00539,"['Fighting', nan]",Sturdy Inner Focus Mold Breaker,75,125,75,30,75,85,5
Sewaddle,#00540,"['Bug', 'Grass']",Swarm Chlorophyll Overcoat,45,53,70,40,60,42,5
Swadloon,#00541,"['Bug', 'Grass']",Leaf Guard Chlorophyll Overcoat,55,63,90,50,80,42,5
Leavanny,#00542,"['Bug', 'Grass']",Swarm Chlorophyll Overcoat,75,103,80,70,80,92,5
Venipede,#00543,"['Bug', 'Poison']",Poison Point Swarm Speed Boost,30,45,59,30,39,57,5
Whirlipede,#00544,"['Bug', 'Poison']",Poison Point Swarm Speed Boost,40,55,99,40,79,47,5
Scolipede,#00545,"['Bug', 'Poison']",Poison Point Swarm Speed Boost,60,100,89,55,69,112,5
Cottonee,#00546,"['Grass', 'Fairy']",Prankster Infiltrator Chlorophyll,40,27,60,37,50,66,5
Whimsicott,#00547,"['Grass', 'Fairy']",Prankster Infiltrator Chlorophyll,60,67,85,77,75,116,5
Petilil,#00548,"['Grass', nan]",Chlorophyll Own Tempo Leaf Guard,45,35,50,70,50,30,5
Lilligant,#00549,"['Grass', nan]",Chlorophyll Own Tempo Leaf Guard,70,60,75,110,75,90,5
Basculin,#00550,"['Water', nan]",Reckless Adaptability Mold Breaker,70,92,65,80,55,98,5
Sandile,#00551,"['Ground', 'Dark']",Intimidate Moxie Anger Point,50,72,35,35,35,65,5
Krokorok,#00552,"['Ground', 'Dark']",Intimidate Moxie Anger Point,60,82,45,45,45,74,5
Krookodile,#00553,"['Ground', 'Dark']",Intimidate Moxie Anger Point,95,117,80,65,70,92,5
Darumaka,#00554,"['Fire', nan]",Hustle Inner Focus,70,90,45,15,45,50,5
Darmanitan,#00555,"['Fire', nan]",Sheer Force Zen Mode,105,140,55,30,55,95,5
Maractus,#00556,"['Grass', nan]",Water Absorb Chlorophyll Storm Drain,75,86,67,106,67,60,5
Dwebble,#00557,"['Bug', 'Rock']",Sturdy Shell Armor Weak Armor,50,65,85,35,35,55,5
Crustle,#00558,"['Bug', 'Rock']",Sturdy Shell Armor Weak Armor,70,105,125,65,75,45,5
Scraggy,#00559,"['Dark', 'Fighting']",Shed Skin Moxie Intimidate,50,75,70,35,70,48,5
Scrafty,#00560,"['Dark', 'Fighting']",Shed Skin Moxie Intimidate,65,90,115,45,115,58,5
Sigilyph,#00561,"['Psychic', 'Flying']",Wonder Skin  Magic Guard Tinted Lens,72,58,80,103,80,97,5
Yamask,#00562,"['Ghost', nan]",Mummy,38,30,85,55,65,30,5
Cofagrigus,#00563,"['Ghost', nan]",Mummy,58,50,145,95,105,30,5
Tirtouga,#00564,"['Water', 'Rock']",Solid Rock Sturdy Swift Swim,54,78,103,53,45,22,5
Carracosta,#00565,"['Water', 'Rock']",Solid Rock Sturdy Swift Swim,74,108,133,83,65,32,5
Archen,#00566,"['Rock', 'Flying']",Defeatist,55,112,45,74,45,70,5
Archeops,#00567,"['Rock', 'Flying']",Defeatist,75,140,65,112,65,110,5
Trubbish,#00568,"['Poison', nan]",Stench Sticky Hold Aftermath,50,50,62,40,62,65,5
Garbodor,#00569,"['Poison', nan]",Stench Weak Armor Aftermath,80,95,82,60,82,75,5
Zorua,#00570,"['Dark', nan]",Illusion,40,65,40,80,40,65,5
Zoroark,#00571,"['Dark', nan]",Illusion,60,105,60,120,60,105,5
Minccino,#00572,"['Normal', nan]",Cute Charm Technician Skill Link,55,50,40,40,40,75,5
Cinccino,#00573,"['Normal', nan]",Cute Charm Technician Skill Link,75,95,60,65,60,115,5
Gothita,#00574,"['Psychic', nan]",Frisk Competitive Shadow Tag,45,30,50,55,65,45,5
Gothorita,#00575,"['Psychic', nan]",Frisk Competitive Shadow Tag,60,45,70,75,85,55,5
Gothitelle,#00576,"['Psychic', nan]",Frisk Competitive Shadow Tag,70,55,95,95,110,65,5
Solosis,#00577,"['Psychic', nan]",Overcoat Magic Guard Regenerator,45,30,40,105,50,20,5
Duosion,#00578,"['Psychic', nan]",Overcoat Magic Guard Regenerator,65,40,50,125,60,30,5
Reuniclus,#00579,"['Psychic', nan]",Overcoat Magic Guard Regenerator,110,65,75,125,85,30,5
Ducklett,#00580,"['Water', 'Flying']",Keen Eye Big Pecks Hydration,62,44,50,44,50,55,5
Swanna,#00581,"['Water', 'Flying']",Keen Eye Big Pecks Hydration,75,87,63,87,63,98,5
Vanillite,#00582,"['Ice', nan]",Ice Body Snow Cloak Weak Armor,36,50,50,65,60,44,5
Vanillish,#00583,"['Ice', nan]",Ice Body Snow Cloak Weak Armor,51,65,65,80,75,59,5
Vanilluxe,#00584,"['Ice', nan]",Ice Body Snow Warning Weak Armor,71,95,85,110,95,79,5
Deerling,#00585,"['Normal', 'Grass']",Chlorophyll Sap Sipper Serene Grace,60,60,50,40,50,75,5
Sawsbuck,#00586,"['Normal', 'Grass']",Chlorophyll Sap Sipper Serene Grace,80,100,70,60,70,95,5
Emolga,#00587,"['Electric', 'Flying']",Static Motor Drive,55,75,60,75,60,103,5
Karrablast,#00588,"['Bug', nan]",Swarm Shed Skin No Guard,50,75,45,40,45,60,5
Escavalier,#00589,"['Bug', 'Steel']",Swarm Shell Armor Overcoat,70,135,105,60,105,20,5
Foongus,#00590,"['Grass', 'Poison']",Effect Spore Regenerator,69,55,45,55,55,15,5
Amoonguss,#00591,"['Grass', 'Poison']",Effect Spore Regenerator,114,85,70,85,80,30,5
Frillish,#00592,"['Water', 'Ghost']",Water Absorb Cursed Body Damp,55,40,50,65,85,40,5
Jellicent,#00593,"['Water', 'Ghost']",Water Absorb Cursed Body Damp,100,60,70,85,105,60,5
Alomomola,#00594,"['Water', nan]",Healer Hydration Regenerator,165,75,80,40,45,65,5
Joltik,#00595,"['Bug', 'Electric']",Compoundeyes Unnerve Swarm,50,47,50,57,50,65,5
Galvantula,#00596,"['Bug', 'Electric']",Compoundeyes Unnerve Swarm,70,77,60,97,60,108,5
Ferroseed,#00597,"['Grass', 'Steel']",Iron Barbs,44,50,91,24,86,10,5
Ferrothorn,#00598,"['Grass', 'Steel']",Iron Barbs Anticipation,74,94,131,54,116,20,5
Klink,#00599,"['Steel', nan]",Plus Minus Clear Body,40,55,70,45,60,30,5
Klang,#00600,"['Steel', nan]",Plus Minus Clear Body,60,80,95,70,85,50,5
Klinklang,#00601,"['Steel', nan]",Plus Minus Clear Body,60,100,115,70,85,90,5
Tynamo,#00602,"['Electric', nan]",Levitate,35,55,40,45,40,60,5
Eelektrik,#00603,"['Electric', nan]",Levitate,65,85,70,75,70,40,5
Eelektross,#00604,"['Electric', nan]",Levitate,85,115,80,105,80,50,5
Elgyem,#00605,"['Psychic', nan]",Telepathy Synchronize Analytic,55,55,55,85,55,30,5
Beheeyem,#00606,"['Psychic', nan]",Telepathy Synchronize Analytic,75,75,75,125,95,40,5
Litwick,#00607,"['Ghost', 'Fire']",Flash Fire Flame Body Infiltrator,50,30,55,65,55,20,5
Lampent,#00608,"['Ghost', 'Fire']",Flash Fire Flame Body Infiltrator,60,40,60,95,60,55,5
Chandelure,#00609,"['Ghost', 'Fire']",Flash Fire Flame Body Infiltrator,60,55,90,145,90,80,5
Axew,#00610,"['Dragon', nan]",Rivalry Mold Breaker Unnerve,46,87,60,30,40,57,5
Fraxure,#00611,"['Dragon', nan]",Rivalry Mold Breaker Unnerve,66,117,70,40,50,67,5
Haxorus,#00612,"['Dragon', nan]",Rivalry Mold Breaker Unnerve,76,147,90,60,70,97,5
Cubchoo,#00613,"['Ice', nan]",Snow Cloak Slush Rush Rattled,55,70,40,60,40,40,5
Beartic,#00614,"['Ice', nan]",Snow Cloak Slush Rush Swift Swim,95,130,80,70,80,50,5
Cryogonal,#00615,"['Ice', nan]",Levitate,80,50,50,95,135,105,5
Shelmet,#00616,"['Bug', nan]",Hydration Shell Armor Overcoat,50,40,85,40,65,25,5
Accelgor,#00617,"['Bug', nan]",Hydration Sticky Hold Unburden,80,70,40,100,60,145,5
Stunfisk,#00618,"['Ground', 'Electric']",Static Limber Sand Veil,109,66,84,81,99,32,5
Mienfoo,#00619,"['Fighting', nan]",Inner Focus Regenerator Reckless,45,85,50,55,50,65,5
Mienshao,#00620,"['Fighting', nan]",Inner Focus Regenerator Reckless,65,125,60,95,60,105,5
Druddigon,#00621,"['Dragon', nan]",Rough Skin Sheer Force Mold Breaker,77,120,90,60,90,48,5
Golett,#00622,"['Ground', 'Ghost']",Iron Fist Klutz No Guard,59,74,50,35,50,35,5
Golurk,#00623,"['Ground', 'Ghost']",Iron Fist Klutz No Guard,89,124,80,55,80,55,5
Pawniard,#00624,"['Dark', 'Steel']",Defiant Inner Focus Pressure,45,85,70,40,40,60,5
Bisharp,#00625,"['Dark', 'Steel']",Defiant Inner Focus Pressure,65,125,100,60,70,70,5
Bouffalant,#00626,"['Normal', nan]",Reckless Sap Sipper Soundproof,95,110,95,40,95,55,5
Rufflet,#00627,"['Normal', 'Flying']",Keen Eye Sheer Force Hustle,70,83,50,37,50,60,5
Braviary,#00628,"['Normal', 'Flying']",Keen Eye Sheer Force Defiant,100,123,75,57,75,80,5
Vullaby,#00629,"['Dark', 'Flying']",Big Pecks Overcoat Weak Armor,70,55,75,45,65,60,5
Mandibuzz,#00630,"['Dark', 'Flying']",Big Pecks Overcoat Weak Armor,110,65,105,55,95,80,5
Heatmor,#00631,"['Fire', nan]",Gluttony Flash Fire White Smoke,85,97,66,105,66,65,5
Durant,#00632,"['Bug', 'Steel']",Swarm Hustle Truant,58,109,112,48,48,109,5
Deino,#00633,"['Dark', 'Dragon']",Hustle,52,65,50,45,50,38,5
Zweilous,#00634,"['Dark', 'Dragon']",Hustle,72,85,70,65,70,58,5
Hydreigon,#00635,"['Dark', 'Dragon']",Levitate,92,105,90,125,90,98,5
Larvesta,#00636,"['Bug', 'Fire']",Flame Body Swarm,55,85,55,50,55,60,5
Volcarona,#00637,"['Bug', 'Fire']",Flame Body Swarm,85,60,65,135,105,100,5
Cobalion,#00638,"['Steel', 'Fighting']",Justified,91,90,129,90,72,108,5
Terrakion,#00639,"['Rock', 'Fighting']",Justified,91,129,90,72,90,108,5
Virizion,#00640,"['Grass', 'Fighting']",Justified,91,90,72,90,129,108,5
Tornadus,#00641,"['Flying', nan]",Prankster Defiant,79,115,70,125,80,111,5
Thundurus,#00642,"['Electric', 'Flying']",Prankster Defiant,79,115,70,125,80,111,5
Reshiram,#00643,"['Dragon', 'Fire']",Turboblaze,100,120,100,150,120,90,5
Zekrom,#00644,"['Dragon', 'Electric']",Teravolt,100,150,120,120,100,90,5
Landorus,#00645,"['Ground', 'Flying']",Sand Force Sheer Force,89,125,90,115,80,101,5
Kyurem,#00646,"['Dragon', 'Ice']",Pressure,125,130,90,130,90,95,5
Keldeo,#00647,"['Water', 'Fighting']",Justified,91,72,90,129,90,108,5
Meloetta,#00648,"['Normal', 'Psychic']",Serene Grace,100,77,77,128,128,90,5
Genesect,#00649,"['Bug', 'Steel']",Download,71,120,95,120,95,99,5
Chespin,#00650,"['Grass', nan]",Overgrow Bulletproof,56,61,65,48,45,38,6
Quilladin,#00651,"['Grass', nan]",Overgrow Bulletproof,61,78,95,56,58,57,6
Chesnaught,#00652,"['Grass', 'Fighting']",Overgrow Bulletproof,88,107,122,74,75,64,6
Fennekin,#00653,"['Fire', nan]",Blaze Magician,40,45,40,62,60,60,6
Braixen,#00654,"['Fire', nan]",Blaze Magician,59,59,58,90,70,73,6
Delphox,#00655,"['Fire', 'Psychic']",Blaze Magician,75,69,72,114,100,104,6
Froakie,#00656,"['Water', nan]",Torrent Protean,41,56,40,62,44,71,6
Frogadier,#00657,"['Water', nan]",Torrent Protean,54,63,52,83,56,97,6
Greninja,#00658,"['Water', 'Dark']",Torrent Protean,72,95,67,103,71,122,6
Bunnelby,#00659,"['Normal', nan]",Pickup Cheek Pouch Huge Power,38,36,38,32,36,57,6
Diggersby,#00660,"['Normal', 'Ground']",Pickup Cheek Pouch Huge Power,85,56,77,50,77,78,6
Fletchling,#00661,"['Normal', 'Flying']",Big Pecks Gale Wings,45,50,43,40,38,62,6
Fletchinder,#00662,"['Fire', 'Flying']",Flame Body Gale Wings,62,73,55,56,52,84,6
Talonflame,#00663,"['Fire', 'Flying']",Flame Body Gale Wings,78,81,71,74,69,126,6
Scatterbug,#00664,"['Bug', nan]",Shield Dust Compoundeyes Friend Guard,38,35,40,27,25,35,6
Spewpa,#00665,"['Bug', nan]",Shed Skin Friend Guard,45,22,60,27,30,29,6
Vivillon,#00666,"['Bug', 'Flying']",Shield Dust Compoundeyes Friend Guard,80,52,50,90,50,89,6
Litleo,#00667,"['Fire', 'Normal']",Rivalry Unnerve Moxie,62,50,58,73,54,72,6
Pyroar,#00668,"['Fire', 'Normal']",Rivalry Unnerve Moxie,86,68,72,109,66,106,6
Flabébé,#00669,"['Fairy', nan]",Flower Veil Symbiosis,44,38,39,61,79,42,6
Floette,#00670,"['Fairy', nan]",Flower Veil Symbiosis,54,45,47,75,98,52,6
Florges,#00671,"['Fairy', nan]",Flower Veil Symbiosis,78,65,68,112,154,75,6
Skiddo,#00672,"['Grass', nan]",Sap Sipper Grass Pelt,66,65,48,62,57,52,6
Gogoat,#00673,"['Grass', nan]",Sap Sipper Grass Pelt,123,100,62,97,81,68,6
Pancham,#00674,"['Fighting', nan]",Iron Fist Mold Breaker Scrappy,67,82,62,46,48,43,6
Pangoro,#00675,"['Fighting', 'Dark']",Iron Fist Mold Breaker Scrappy,95,124,78,69,71,58,6
Furfrou,#00676,"['Normal', nan]",Fur Coat,75,80,60,65,90,102,6
Espurr,#00677,"['Psychic', nan]",Keen Eye Infiltrator Own Tempo,62,48,54,63,60,68,6
Meowstic,#00678,"['Psychic', nan]",Keen Eye Infiltrator Prankster,74,48,76,83,81,104,6
Honedge,#00679,"['Steel', 'Ghost']",No Guard,45,80,100,35,37,28,6
Doublade,#00680,"['Steel', 'Ghost']",No Guard,59,110,150,45,49,35,6
Aegislash,#00681,"['Steel', 'Ghost']",Stance Change,60,50,140,50,140,60,6
Spritzee,#00682,"['Fairy', nan]",Healer Aroma Veil,78,52,60,63,65,23,6
Aromatisse,#00683,"['Fairy', nan]",Healer Aroma Veil,101,72,72,99,89,29,6
Swirlix,#00684,"['Fairy', nan]",Sweet Veil Unburden,62,48,66,59,57,49,6
Slurpuff,#00685,"['Fairy', nan]",Sweet Veil Unburden,82,80,86,85,75,72,6
Inkay,#00686,"['Dark', 'Psychic']",Contrary Suction Cups Infiltrator,53,54,53,37,46,45,6
Malamar,#00687,"['Dark', 'Psychic']",Contrary Suction Cups Infiltrator,86,92,88,68,75,73,6
Binacle,#00688,"['Rock', 'Water']",Tough Claws Sniper Pickpocket,42,52,67,39,56,50,6
Barbaracle,#00689,"['Rock', 'Water']",Tough Claws Sniper Pickpocket,72,105,115,54,86,68,6
Skrelp,#00690,"['Poison', 'Water']",Poison Point Poison Touch Adaptability,50,60,60,60,60,30,6
Dragalge,#00691,"['Poison', 'Dragon']",Poison Point Poison Touch Adaptability,65,75,90,97,123,44,6
Clauncher,#00692,"['Water', nan]",Mega Launcher,50,53,62,58,63,44,6
Clawitzer,#00693,"['Water', nan]",Mega Launcher,71,73,88,120,89,59,6
Helioptile,#00694,"['Electric', 'Normal']",Dry Skin Sand Veil Solar Power,44,38,33,61,43,70,6
Heliolisk,#00695,"['Electric', 'Normal']",Dry Skin Sand Veil Solar Power,62,55,52,109,94,109,6
Tyrunt,#00696,"['Rock', 'Dragon']",Strong Jaw Sturdy,58,89,77,45,45,48,6
Tyrantrum,#00697,"['Rock', 'Dragon']",Strong Jaw Rock Head,82,121,119,69,59,71,6
Amaura,#00698,"['Rock', 'Ice']",Refrigerate Snow Warning,77,59,50,67,63,46,6
Aurorus,#00699,"['Rock', 'Ice']",Refrigerate Snow Warning,123,77,72,99,92,58,6
Sylveon,#00700,"['Fairy', nan]",Cute Charm Pixilate,95,65,65,110,130,60,6
Hawlucha,#00701,"['Fighting', 'Flying']",Limber Unburden Mold Breaker,78,92,75,74,63,118,6
Dedenne,#00702,"['Electric', 'Fairy']",Cheek Pouch Pickup Plus,67,58,57,81,67,101,6
Carbink,#00703,"['Rock', 'Fairy']",Clear Body Sturdy,50,50,150,50,150,50,6
Goomy,#00704,"['Dragon', nan]",Sap Sipper Hydration Gooey,45,50,35,55,75,40,6
Sliggoo,#00705,"['Dragon', nan]",Sap Sipper Hydration Gooey,68,75,53,83,113,60,6
Goodra,#00706,"['Dragon', nan]",Sap Sipper Hydration Gooey,90,100,70,110,150,80,6
Klefki,#00707,"['Steel', 'Fairy']",Prankster Magician,57,80,91,80,87,75,6
Phantump,#00708,"['Ghost', 'Grass']",Natural Cure Frisk Harvest,43,70,48,50,60,38,6
Trevenant,#00709,"['Ghost', 'Grass']",Natural Cure Frisk Harvest,85,110,76,65,82,56,6
Pumpkaboo,#00710,"['Ghost', 'Grass']",Pickup Frisk Insomnia,49,66,70,44,55,51,6
Gourgeist,#00711,"['Ghost', 'Grass']",Pickup Frisk Insomnia,65,90,122,58,75,84,6
Bergmite,#00712,"['Ice', nan]",Own Tempo Ice Body Sturdy,55,69,85,32,35,28,6
Avalugg,#00713,"['Ice', nan]",Own Tempo Ice Body Sturdy,95,117,184,44,46,28,6
Noibat,#00714,"['Flying', 'Dragon']",Frisk Infiltrator Telepathy,40,30,35,45,40,55,6
Noivern,#00715,"['Flying', 'Dragon']",Frisk Infiltrator Telepathy,85,70,80,97,80,123,6
Xerneas,#00716,"['Fairy', nan]",Fairy Aura,126,131,95,131,98,99,6
Yveltal,#00717,"['Dark', 'Flying']",Dark Aura,126,131,95,131,98,99,6
Zygarde,#00718,"['Dragon', 'Ground']",Aura Break,108,100,121,81,95,95,6
Diancie,#00719,"['Rock', 'Fairy']",Clear Body,50,100,150,100,150,50,6
Hoopa,#00720,"['Psychic', 'Ghost']",Magician,80,110,60,150,130,70,6
Volcanion,#00721,"['Fire', 'Water']",Water Absorb,80,110,120,130,90,70,6
Rowlet,#00722,"['Grass', 'Flying']",Overgrow Long Reach,68,55,55,50,50,42,7
Dartrix,#00723,"['Grass', 'Flying']",Overgrow Long Reach,78,75,75,70,70,52,7
Decidueye,#00724,"['Grass', 'Ghost']",Overgrow Long Reach,78,107,75,100,100,70,7
Litten,#00725,"['Fire', nan]",Blaze Intimidate,45,65,40,60,40,70,7
Torracat,#00726,"['Fire', nan]",Blaze Intimidate,65,85,50,80,50,90,7
Incineroar,#00727,"['Fire', 'Dark']",Blaze Intimidate,95,115,90,80,90,60,7
Popplio,#00728,"['Water', nan]",Torrent Liquid Voice,50,54,54,66,56,40,7
Brionne,#00729,"['Water', nan]",Torrent Liquid Voice,60,69,69,91,81,50,7
Primarina,#00730,"['Water', 'Fairy']",Torrent Liquid Voice,80,74,74,126,116,60,7
Pikipek,#00731,"['Normal', 'Flying']",Keen Eye Skill Link Pickup,35,75,30,30,30,65,7
Trumbeak,#00732,"['Normal', 'Flying']",Keen Eye Skill Link Pickup,55,85,50,40,50,75,7
Toucannon,#00733,"['Normal', 'Flying']",Keen Eye Skill Link Sheer Force,80,120,75,75,75,60,7
Yungoos,#00734,"['Normal', nan]",Stakeout Strong Jaw Adaptability,48,70,30,30,30,45,7
Gumshoos,#00735,"['Normal', nan]",Stakeout Strong Jaw Adaptability,88,110,60,55,60,45,7
Grubbin,#00736,"['Bug', nan]",Swarm,47,62,45,55,45,46,7
Charjabug,#00737,"['Bug', 'Electric']",Battery,57,82,95,55,75,36,7
Vikavolt,#00738,"['Bug', 'Electric']",Levitate,77,70,90,145,75,43,7
Crabrawler,#00739,"['Fighting', nan]",Hyper Cutter Iron Fist Anger Point,47,82,57,42,47,63,7
Crabominable,#00740,"['Fighting', 'Ice']",Hyper Cutter Iron Fist Anger Point,97,132,77,62,67,43,7
Oricorio,#00741,"['Fire', 'Flying']",Dancer,75,70,70,98,70,93,7
Cutiefly,#00742,"['Bug', 'Fairy']",Honey Gather Shield Dust Sweet Veil,40,45,40,55,40,84,7
Ribombee,#00743,"['Bug', 'Fairy']",Honey Gather Shield Dust Sweet Veil,60,55,60,95,70,124,7
Rockruff,#00744,"['Rock', nan]",Keen Eye Vital Spirit Steadfast,45,65,40,30,40,60,7
Lycanroc,#00745,"['Rock', nan]",Keen Eye Sand Rush Steadfast,75,115,65,55,65,112,7
Wishiwashi,#00746,"['Water', nan]",Schooling,45,20,20,25,25,40,7
Mareanie,#00747,"['Poison', 'Water']",Merciless Limber Regenerator,50,53,62,43,52,45,7
Toxapex,#00748,"['Poison', 'Water']",Merciless Limber Regenerator,50,63,152,53,142,35,7
Mudbray,#00749,"['Ground', nan]",Own Tempo Stamina Inner Focus,70,100,70,45,55,45,7
Mudsdale,#00750,"['Ground', nan]",Own Tempo Stamina Inner Focus,100,125,100,55,85,35,7
Dewpider,#00751,"['Water', 'Bug']",Water Bubble Water Absorb,38,40,52,40,72,27,7
Araquanid,#00752,"['Water', 'Bug']",Water Bubble Water Absorb,68,70,92,50,132,42,7
Fomantis,#00753,"['Grass', nan]",Leaf Guard Contrary,40,55,35,50,35,35,7
Lurantis,#00754,"['Grass', nan]",Leaf Guard Contrary,70,105,90,80,90,45,7
Morelull,#00755,"['Grass', 'Fairy']",Illuminate Effect Spore Rain Dish,40,35,55,65,75,15,7
Shiinotic,#00756,"['Grass', 'Fairy']",Illuminate Effect Spore Rain Dish,60,45,80,90,100,30,7
Salandit,#00757,"['Poison', 'Fire']",Corrosion Oblivious,48,44,40,71,40,77,7
Salazzle,#00758,"['Poison', 'Fire']",Corrosion Oblivious,68,64,60,111,60,117,7
Stufful,#00759,"['Normal', 'Fighting']",Fluffy Klutz Cute Charm,70,75,50,45,50,50,7
Bewear,#00760,"['Normal', 'Fighting']",Fluffy Klutz Unnerve,120,125,80,55,60,60,7
Bounsweet,#00761,"['Grass', nan]",Leaf Guard Oblivious Sweet Veil,42,30,38,30,38,32,7
Steenee,#00762,"['Grass', nan]",Leaf Guard Oblivious Sweet Veil,52,40,48,40,48,62,7
Tsareena,#00763,"['Grass', nan]",Leaf Guard Queenly Majesty Sweet Veil,72,120,98,50,98,72,7
Comfey,#00764,"['Fairy', nan]",Flower Veil Triage Natural Cure,51,52,90,82,110,100,7
Oranguru,#00765,"['Normal', 'Psychic']",Inner Focus Telepathy Symbiosis,90,60,80,90,110,60,7
Passimian,#00766,"['Fighting', nan]",Receiver Defiant,100,120,90,40,60,80,7
Wimpod,#00767,"['Bug', 'Water']",Wimp Out,25,35,40,20,30,80,7
Golisopod,#00768,"['Bug', 'Water']",Emergency Exit,75,125,140,60,90,40,7
Sandygast,#00769,"['Ghost', 'Ground']",Water Compaction Sand Veil,55,55,80,70,45,15,7
Palossand,#00770,"['Ghost', 'Ground']",Water Compaction Sand Veil,85,75,110,100,75,35,7
Pyukumuku,#00771,"['Water', nan]",Innards Out Unaware,55,60,130,30,130,5,7
Type: Null,#00772,"['Normal', nan]",Battle Armor,95,95,95,95,95,59,7
Silvally,#00773,"['Normal', nan]",RKS System,95,95,95,95,95,95,7
Minior,#00774,"['Rock', 'Flying']",Shields Down,60,60,100,60,100,60,7
Komala,#00775,"['Normal', nan]",Comatose,65,115,65,75,95,65,7
Turtonator,#00776,"['Fire', 'Dragon']",Shell Armor,60,78,135,91,85,36,7
Togedemaru,#00777,"['Electric', 'Steel']",Iron Barbs Lightning Rod Sturdy,65,98,63,40,73,96,7
Mimikyu,#00778,"['Ghost', 'Fairy']",Disguise,55,90,80,50,105,96,7
Bruxish,#00779,"['Water', 'Psychic']",Dazzling Strong Jaw Wonder Skin,68,105,70,70,70,92,7
Drampa,#00780,"['Normal', 'Dragon']",Berserk Sap Sipper Cloud Nine,78,60,85,135,91,36,7
Dhelmise,#00781,"['Ghost', 'Grass']",Steelworker,70,131,100,86,90,40,7
Jangmo-o,#00782,"['Dragon', nan]",Bulletproof Soundproof Overcoat,45,55,65,45,45,45,7
Hakamo-o,#00783,"['Dragon', 'Fighting']",Bulletproof Soundproof Overcoat,55,75,90,65,70,65,7
Kommo-o,#00784,"['Dragon', 'Fighting']",Bulletproof Soundproof Overcoat,75,110,125,100,105,85,7
Tapu Koko,#00785,"['Electric', 'Fairy']",Electric Surge Telepathy,70,115,85,95,75,130,7
Tapu Lele,#00786,"['Psychic', 'Fairy']",Psychic Surge Telepathy,70,85,75,130,115,95,7
Tapu Bulu,#00787,"['Grass', 'Fairy']",Grassy Surge Telepathy,70,130,115,85,95,75,7
Tapu Fini,#00788,"['Water', 'Fairy']",Misty Surge Telepathy,70,75,115,95,130,85,7
Cosmog,#00789,"['Psychic', nan]",Unaware,43,29,31,29,31,37,7
Cosmoem,#00790,"['Psychic', nan]",Sturdy,43,29,131,29,131,37,7
Solgaleo,#00791,"['Psychic', 'Steel']",Full Metal Body,137,137,107,113,89,97,7
Lunala,#00792,"['Psychic', 'Ghost']",Shadow Shield,137,113,89,137,107,97,7
Nihilego,#00793,"['Rock', 'Poison']",Beast Boost,109,53,47,127,131,103,7
Buzzwole,#00794,"['Bug', 'Fighting']",Beast Boost,107,139,139,53,53,79,7
Pheromosa,#00795,"['Bug', 'Fighting']",Beast Boost,71,137,37,137,37,151,7
Xurkitree,#00796,"['Electric', nan]",Beast Boost,83,89,71,173,71,83,7
Celesteela,#00797,"['Steel', 'Flying']",Beast Boost,97,101,103,107,101,61,7
Kartana,#00798,"['Grass', 'Steel']",Beast Boost,59,181,131,59,31,109,7
Guzzlord,#00799,"['Dark', 'Dragon']",Beast Boost,223,101,53,97,53,43,7
Necrozma,#00800,"['Psychic', nan]",Prism Armor,97,107,101,127,89,79,7
Magearna,#00801,"['Steel', 'Fairy']",Soul-Heart,80,95,115,130,115,65,7
Marshadow,#00802,"['Fighting', 'Ghost']",Technician,90,125,80,90,90,125,7
Poipole,#00803,"['Poison', nan]",Beast Boost,67,73,67,73,67,73,7
Naganadel,#00804,"['Poison', 'Dragon']",Beast Boost,73,73,73,127,73,121,7
Stakataka,#00805,"['Rock', 'Steel']",Beast Boost,61,131,211,53,101,13,7
Blacephalon,#00806,"['Fire', 'Ghost']",Beast Boost,53,127,53,151,79,107,7
Zeraora,#00807,"['Electric', nan]",Volt Absorb,88,112,75,102,80,143,7
Meltan,#00808,"['Steel', nan]",Magnet Pull,46,65,65,55,35,34,7
Melmetal,#00809,"['Steel', nan]",Iron Fist,135,143,143,80,65,34,7
Grookey,#00810,"['Grass', nan]",Overgrow Grassy Surge,50,65,50,40,40,65,8
Thwackey,#00811,"['Grass', nan]",Overgrow Grassy Surge,70,85,70,55,60,80,8
Rillaboom,#00812,"['Grass', nan]",Overgrow Grassy Surge,100,125,90,60,70,85,8
Scorbunny,#00813,"['Fire', nan]",Blaze Libero,50,71,40,40,40,69,8
Raboot,#00814,"['Fire', nan]",Blaze Libero,65,86,60,55,60,94,8
Cinderace,#00815,"['Fire', nan]",Blaze Libero,80,116,75,65,75,119,8
Sobble,#00816,"['Water', nan]",Torrent Sniper,50,40,40,70,40,70,8
Drizzile,#00817,"['Water', nan]",Torrent Sniper,65,60,55,95,55,90,8
Inteleon,#00818,"['Water', nan]",Torrent Sniper,70,85,65,125,65,120,8
Skwovet,#00819,"['Normal', nan]",Cheek Pouch Gluttony,70,55,55,35,35,25,8
Greedent,#00820,"['Normal', nan]",Cheek Pouch Gluttony,120,95,95,55,75,20,8
Rookidee,#00821,"['Flying', nan]",Keen Eye Unnerve Big Pecks,38,47,35,33,35,57,8
Corvisquire,#00822,"['Flying', nan]",Keen Eye Unnerve Big Pecks,68,67,55,43,55,77,8
Corviknight,#00823,"['Flying', 'Steel']",Pressure Unnerve Mirror Armor,98,87,105,53,85,67,8
Blipbug,#00824,"['Bug', nan]",Swarm Compoundeyes Telepathy,25,20,20,25,45,45,8
Dottler,#00825,"['Bug', 'Psychic']",Swarm Compoundeyes Telepathy,50,35,80,50,90,30,8
Orbeetle,#00826,"['Bug', 'Psychic']",Swarm Frisk Telepathy,60,45,110,80,120,90,8
Nickit,#00827,"['Dark', nan]",Run Away Unburden Stakeout,40,28,28,47,52,50,8
Thievul,#00828,"['Dark', nan]",Run Away Unburden Stakeout,70,58,58,87,92,90,8
Gossifleur,#00829,"['Grass', nan]",Cotton Down Regenerator Effect Spore,40,40,60,40,60,10,8
Eldegoss,#00830,"['Grass', nan]",Cotton Down Regenerator Effect Spore,60,50,90,80,120,60,8
Wooloo,#00831,"['Normal', nan]",Fluffy Run Away Bulletproof,42,40,55,40,45,48,8
Dubwool,#00832,"['Normal', nan]",Fluffy Steadfast Bulletproof,72,80,100,60,90,88,8
Chewtle,#00833,"['Water', nan]",Strong Jaw Shell Armor Swift Swim,50,64,50,38,38,44,8
Drednaw,#00834,"['Water', 'Rock']",Strong Jaw Shell Armor Swift Swim,90,115,90,48,68,74,8
Yamper,#00835,"['Electric', nan]",Ball Fetch Rattled,59,45,50,40,50,26,8
Boltund,#00836,"['Electric', nan]",Strong Jaw Competitive,69,90,60,90,60,121,8
Rolycoly,#00837,"['Rock', nan]",Steam Engine Heatproof Flash Fire,30,40,50,40,50,30,8
Carkol,#00838,"['Rock', 'Fire']",Steam Engine Flame Body Flash Fire,80,60,90,60,70,50,8
Coalossal,#00839,"['Rock', 'Fire']",Steam Engine Flame Body Flash Fire,110,80,120,80,90,30,8
Applin,#00840,"['Grass', 'Dragon']",Ripen Gluttony Bulletproof,40,40,80,40,40,20,8
Flapple,#00841,"['Grass', 'Dragon']",Ripen Gluttony Hustle,70,110,80,95,60,70,8
Appletun,#00842,"['Grass', 'Dragon']",Ripen Gluttony Thick Fat,110,85,80,100,80,30,8
Silicobra,#00843,"['Ground', nan]",Sand Spit Shed Skin Sand Veil,52,57,75,35,50,46,8
Sandaconda,#00844,"['Ground', nan]",Sand Spit Shed Skin Sand Veil,72,107,125,65,70,71,8
Cramorant,#00845,"['Flying', 'Water']",Gulp Missile,70,85,55,85,95,85,8
Arrokuda,#00846,"['Water', nan]",Swift Swim Propeller Tail,41,63,40,40,30,66,8
Barraskewda,#00847,"['Water', nan]",Swift Swim Propeller Tail,61,123,60,60,50,136,8
Toxel,#00848,"['Electric', 'Poison']",Rattled Static Klutz,40,38,35,54,35,40,8
Toxtricity,#00849,"['Electric', 'Poison']",Punk Rock Plus Technician,75,98,70,114,70,75,8
Sizzlipede,#00850,"['Fire', 'Bug']",Flash Fire White Smoke Flame Body,50,65,45,50,50,45,8
Centiskorch,#00851,"['Fire', 'Bug']",Flash Fire White Smoke Flame Body,100,115,65,90,90,65,8
Clobbopus,#00852,"['Fighting', nan]",Limber Technician,50,68,60,50,50,32,8
Grapploct,#00853,"['Fighting', nan]",Limber Technician,80,118,90,70,80,42,8
Sinistea,#00854,"['Ghost', nan]",Weak Armor Cursed Body,40,45,45,74,54,50,8
Polteageist,#00855,"['Ghost', nan]",Weak Armor Cursed Body,60,65,65,134,114,70,8
Hatenna,#00856,"['Psychic', nan]",Healer Anticipation Magic Bounce,42,30,45,56,53,39,8
Hattrem,#00857,"['Psychic', nan]",Healer Anticipation Magic Bounce,57,40,65,86,73,49,8
Hatterene,#00858,"['Psychic', 'Fairy']",Healer Anticipation Magic Bounce,57,90,95,136,103,29,8
Impidimp,#00859,"['Dark', 'Fairy']",Prankster Frisk Pickpocket,45,45,30,55,40,50,8
Morgrem,#00860,"['Dark', 'Fairy']",Prankster Frisk Pickpocket,65,60,45,75,55,70,8
Grimmsnarl,#00861,"['Dark', 'Fairy']",Prankster Frisk Pickpocket,95,120,65,95,75,60,8
Obstagoon,#00862,"['Dark', 'Normal']",Reckless Guts Defiant,93,90,101,60,81,95,8
Perrserker,#00863,"['Steel', nan]",Battle Armor Tough Claws Steely Spirit,70,110,100,50,60,50,8
Cursola,#00864,"['Ghost', nan]",Weak Armor Perish Body,60,95,50,145,130,30,8
Sirfetch'd,#00865,"['Fighting', nan]",Steadfast Scrappy,62,135,95,68,82,65,8
Mr. Rime,#00866,"['Ice', 'Psychic']",Tangled Feet Screen Cleaner Ice Body,80,85,75,110,100,70,8
Runerigus,#00867,"['Ground', 'Ghost']",Wandering Spirit,58,95,145,50,105,30,8
Milcery,#00868,"['Fairy', nan]",Sweet Veil Aroma Veil,45,40,40,50,61,34,8
Alcremie,#00869,"['Fairy', nan]",Sweet Veil Aroma Veil,65,60,75,110,121,64,8
Falinks,#00870,"['Fighting', nan]",Battle Armor Defiant,65,100,100,70,60,75,8
Pincurchin,#00871,"['Electric', nan]",Lightning Rod Electric Surge,48,101,95,91,85,15,8
Snom,#00872,"['Ice', 'Bug']",Shield Dust Ice Scales,30,25,35,45,30,20,8
Frosmoth,#00873,"['Ice', 'Bug']",Shield Dust Ice Scales,70,65,60,125,90,65,8
Stonjourner,#00874,"['Rock', nan]",Power Spot,100,125,135,20,20,70,8
Eiscue,#00875,"['Ice', nan]",Ice Face,75,80,110,65,90,50,8
Indeedee,#00876,"['Psychic', 'Normal']",Inner Focus Synchronize Psychic Surge,60,65,55,105,95,95,8
Morpeko,#00877,"['Electric', 'Dark']",Hunger Switch,58,95,58,70,58,97,8
Cufant,#00878,"['Steel', nan]",Sheer Force Heavy Metal,72,80,49,40,49,40,8
Copperajah,#00879,"['Steel', nan]",Sheer Force Heavy Metal,122,130,69,80,69,30,8
Dracozolt,#00880,"['Electric', 'Dragon']",Volt Absorb Hustle Sand Rush,90,100,90,80,70,75,8
Arctozolt,#00881,"['Electric', 'Ice']",Volt Absorb Static Slush Rush,90,100,90,90,80,55,8
Dracovish,#00882,"['Water', 'Dragon']",Water Absorb Strong Jaw Sand Rush,90,90,100,70,80,75,8
Arctovish,#00883,"['Water', 'Ice']",Water Absorb Ice Body Slush Rush,90,90,100,80,90,55,8
Duraludon,#00884,"['Steel', 'Dragon']",Light Metal Heavy Metal Stalwart,70,95,115,120,50,85,8
Dreepy,#00885,"['Dragon', 'Ghost']",Clear Body Infiltrator Cursed Body,28,60,30,40,30,82,8
Drakloak,#00886,"['Dragon', 'Ghost']",Clear Body Infiltrator Cursed Body,68,80,50,60,50,102,8
Dragapult,#00887,"['Dragon', 'Ghost']",Clear Body Infiltrator Cursed Body,88,120,75,100,75,142,8
Zacian,#00888,"['Fairy', nan]",Intrepid Sword,92,120,115,80,115,138,8
Zamazenta,#00889,"['Fighting', nan]",Dauntless Shield,92,120,115,80,115,138,8
Eternatus,#00890,"['Poison', 'Dragon']",Pressure,140,85,95,145,95,130,8
Kubfu,#00891,"['Fighting', nan]",Inner Focus,60,90,60,53,50,72,8
Urshifu,#00892,"['Fighting', 'Dark']",Unseen Fist,100,130,100,63,60,97,8
Zarude,#00893,"['Dark', 'Grass']",Leaf Guard,105,120,105,70,95,105,8
Regieleki,#00894,"['Electric', nan]",Transistor,80,100,50,100,50,200,8
Regidrago,#00895,"['Dragon', nan]",Dragon's Maw,200,100,50,100,50,80,8
Glastrier,#00896,"['Ice', nan]",Chilling Neigh,100,145,130,65,110,30,8
Spectrier,#00897,"['Ghost', nan]",Grim Neigh,100,65,60,145,80,130,8
Calyrex,#00898,"['Psychic', 'Grass']",Unnerve,100,80,80,80,80,80,8
Wyrdeer,#00899,"['Normal', 'Psychic']",Intimidate Frisk Sap Sipper,103,105,72,105,75,65,8
Kleavor,#00900,"['Bug', 'Rock']",Swarm Sheer Force Steadfast,70,135,95,45,70,85,8
Ursaluna,#00901,"['Ground', 'Normal']",Guts Bulletproof Unnerve,130,140,105,45,80,50,8
Basculegion,#00902,"['Water', 'Ghost']",Rattled Adaptability Mold Breaker,120,112,65,80,75,78,8
Sneasler,#00903,"['Fighting', 'Poison']",Pressure Poison Touch,80,130,60,40,80,120,8
Overqwil,#00904,"['Dark', 'Poison']",Poison Point Swift Swim Intimidate,85,115,95,65,65,85,8
Enamorus,#00905,"['Fairy', 'Flying']",Healer Contrary,74,115,70,135,80,106,8
Sprigatito,#00906,"['Grass', nan]",Overgrow Protean,40,61,54,45,45,65,9
Floragato,#00907,"['Grass', nan]",Overgrow Protean,61,80,63,60,63,83,9
Meowscarada,#00908,"['Grass', 'Dark']",Overgrow Protean,76,110,70,81,70,123,9
Fuecoco,#00909,"['Fire', nan]",Blaze Unaware,67,45,59,63,40,36,9
Crocalor,#00910,"['Fire', nan]",Blaze Unaware,81,55,78,90,58,49,9
Skeledirge,#00911,"['Fire', 'Ghost']",Blaze Unaware,104,75,100,110,75,66,9
Quaxly,#00912,"['Water', nan]",Torrent Moxie,55,65,45,50,45,50,9
Quaxwell,#00913,"['Water', nan]",Torrent Moxie,70,85,65,65,60,65,9
Quaquaval,#00914,"['Water', 'Fighting']",Torrent Moxie,85,120,80,85,75,85,9
Lechonk,#00915,"['Normal', nan]",Aroma Veil Gluttony Thick Fat,54,45,40,35,45,35,9
Oinkologne,#00916,"['Normal', nan]",Lingering Aroma Gluttony Thick Fat,110,100,75,59,80,65,9
Tarountula,#00917,"['Bug', nan]",Insomnia Stakeout,35,41,45,29,40,20,9
Spidops,#00918,"['Bug', nan]",Insomnia Stakeout,60,79,92,52,86,35,9
Nymble,#00919,"['Bug', nan]",Swarm Tinted Lens,33,46,40,21,25,45,9
Lokix,#00920,"['Bug', 'Dark']",Swarm Tinted Lens,71,102,78,52,55,92,9
Pawmi,#00921,"['Electric', nan]",Static Natural Cure Iron Fist,45,50,20,40,25,60,9
Pawmo,#00922,"['Electric', 'Fighting']",Volt Absorb Natural Cure Iron Fist,60,75,40,50,40,85,9
Pawmot,#00923,"['Electric', 'Fighting']",Volt Absorb Natural Cure Iron Fist,70,115,70,70,60,105,9
Tandemaus,#00924,"['Normal', nan]",Run Away Pickup Own Tempo,50,50,45,40,45,75,9
Maushold,#00925,"['Normal', nan]",Friend Guard Cheek Pouch Technician,74,75,70,65,75,111,9
Fidough,#00926,"['Fairy', nan]",Own Tempo Klutz,37,55,70,30,55,65,9
Dachsbun,#00927,"['Fairy', nan]",Well-Baked Body Aroma Veil,57,80,115,50,80,95,9
Smoliv,#00928,"['Grass', 'Normal']",Early Bird Harvest,41,35,45,58,51,30,9
Dolliv,#00929,"['Grass', 'Normal']",Early Bird Harvest,52,53,60,78,78,33,9
Arboliva,#00930,"['Grass', 'Normal']",Seed Sower Harvest,78,69,90,125,109,39,9
Squawkabilly,#00931,"['Normal', 'Flying']",Intimidate Hustle Guts,82,96,51,45,51,92,9
Nacli,#00932,"['Rock', nan]",Purifying Salt Sturdy Clear Body,55,55,75,35,35,25,9
Naclstack,#00933,"['Rock', nan]",Purifying Salt Sturdy Clear Body,60,60,100,35,65,35,9
Garganacl,#00934,"['Rock', nan]",Purifying Salt Sturdy Clear Body,100,100,130,45,90,35,9
Charcadet,#00935,"['Fire', nan]",Flash Fire Flame Body,40,50,40,50,40,35,9
Armarouge,#00936,"['Fire', 'Psychic']",Flash Fire Weak Armor,85,60,100,125,80,75,9
Ceruledge,#00937,"['Fire', 'Ghost']",Flash Fire Weak Armor,75,125,80,60,100,85,9
Tadbulb,#00938,"['Electric', nan]",Own Tempo Static Damp,61,31,41,59,35,45,9
Bellibolt,#00939,"['Electric', nan]",Electromorphosis Static Damp,109,64,91,103,83,45,9
Wattrel,#00940,"['Electric', 'Flying']",Wind Power Volt Absorb Competitive,40,40,35,55,40,70,9
Kilowattrel,#00941,"['Electric', 'Flying']",Wind Power Volt Absorb Competitive,70,70,60,105,60,125,9
Maschiff,#00942,"['Dark', nan]",Intimidate Run Away Stakeout,60,78,60,40,51,51,9
Mabosstiff,#00943,"['Dark', nan]",Intimidate Guard Dog Stakeout,80,120,90,60,70,85,9
Shroodle,#00944,"['Poison', 'Normal']",Unburden Pickpocket Prankster,40,65,35,40,35,75,9
Grafaiai,#00945,"['Poison', 'Normal']",Unburden Poison Touch Prankster,63,95,65,80,72,110,9
Bramblin,#00946,"['Grass', 'Ghost']",Wind Rider Infiltrator,40,65,30,45,35,60,9
Brambleghast,#00947,"['Grass', 'Ghost']",Wind Rider Infiltrator,55,115,70,80,70,90,9
Toedscool,#00948,"['Ground', 'Grass']",Mycelium Might,40,40,35,50,100,70,9
Toedscruel,#00949,"['Ground', 'Grass']",Mycelium Might,80,70,65,80,120,100,9
Klawf,#00950,"['Rock', nan]",Anger Shell Shell Armor Regenerator,70,100,115,35,55,75,9
Capsakid,#00951,"['Grass', nan]",Chlorophyll Insomnia Klutz,50,62,40,62,40,50,9
Scovillain,#00952,"['Grass', 'Fire']",Chlorophyll Insomnia Moody,65,108,65,108,65,75,9
Rellor,#00953,"['Bug', nan]",Compoundeyes Shed Skin,41,50,60,31,58,30,9
Rabsca,#00954,"['Bug', 'Psychic']",Synchronize Telepathy,75,50,85,115,100,45,9
Flittle,#00955,"['Psychic', nan]",Anticipation Frisk Speed Boost,30,35,30,55,30,75,9
Espathra,#00956,"['Psychic', nan]",Opportunist Frisk Speed Boost,95,60,60,101,60,105,9
Tinkatink,#00957,"['Fairy', 'Steel']",Mold Breaker Own Tempo Pickpocket,50,45,45,35,64,58,9
Tinkatuff,#00958,"['Fairy', 'Steel']",Mold Breaker Own Tempo Pickpocket,65,55,55,45,82,78,9
Tinkaton,#00959,"['Fairy', 'Steel']",Mold Breaker Own Tempo Pickpocket,85,75,77,70,105,94,9
Wiglett,#00960,"['Water', nan]",Gooey Rattled Sand Veil,10,55,25,35,25,95,9
Wugtrio,#00961,"['Water', nan]",Gooey Rattled Sand Veil,35,100,50,50,70,120,9
Bombirdier,#00962,"['Flying', 'Dark']",Big Pecks Keen Eye Rocky Payload,70,103,85,60,85,82,9
Finizen,#00963,"['Water', nan]",Water Veil,70,45,40,45,40,75,9
Palafin,#00964,"['Water', nan]",Zero to Hero,100,70,72,53,62,100,9
Varoom,#00965,"['Steel', 'Poison']",Overcoat Slow Start,45,70,63,30,45,47,9
Revavroom,#00966,"['Steel', 'Poison']",Overcoat Filter,80,119,90,54,67,90,9
Cyclizar,#00967,"['Dragon', 'Normal']",Shed Skin Regenerator,70,95,65,85,65,121,9
Orthworm,#00968,"['Steel', nan]",Earth Eater Sand Veil,70,85,145,60,55,65,9
Glimmet,#00969,"['Rock', 'Poison']",Toxic Debris Corrosion,48,35,42,105,60,60,9
Glimmora,#00970,"['Rock', 'Poison']",Toxic Debris Corrosion,83,55,90,130,81,86,9
Greavard,#00971,"['Ghost', nan]",Pickup Fluffy,50,61,60,30,55,34,9
Houndstone,#00972,"['Ghost', nan]",Sand Rush Fluffy,72,101,100,50,97,68,9
Flamigo,#00973,"['Flying', 'Fighting']",Scrappy Tangled Feet Costar,82,115,74,75,64,90,9
Cetoddle,#00974,"['Ice', nan]",Thick Fat Snow Cloak Sheer Force,108,68,45,30,40,43,9
Cetitan,#00975,"['Ice', nan]",Thick Fat Slush Rush Sheer Force,170,113,65,45,55,73,9
Veluza,#00976,"['Water', 'Psychic']",Mold Breaker Sharpness,90,102,73,78,65,70,9
Dondozo,#00977,"['Water', nan]",Unaware Oblivious Water Veil,150,100,115,65,65,35,9
Tatsugiri,#00978,"['Dragon', 'Water']",Commander Storm Drain,68,50,60,120,95,82,9
Annihilape,#00979,"['Fighting', 'Ghost']",Vital Spirit Inner Focus Defiant,110,115,80,50,90,90,9
Clodsire,#00980,"['Poison', 'Ground']",Poison Point Water Absorb Unaware,130,75,60,45,100,20,9
Farigiraf,#00981,"['Normal', 'Psychic']",Cud Chew Armor Tail Sap Sipper,120,90,70,110,70,60,9
Dudunsparce,#00982,"['Normal', nan]",Serene Grace Run Away Rattled,125,100,80,85,75,55,9
Kingambit,#00983,"['Dark', 'Steel']",Defiant Supreme Overlord Pressure,100,135,120,60,85,50,9
Great Tusk,#00984,"['Ground', 'Fighting']",Protosynthesis,115,131,131,53,53,87,9
Scream Tail,#00985,"['Fairy', 'Psychic']",Protosynthesis,115,65,99,65,115,111,9
Brute Bonnet,#00986,"['Grass', 'Dark']",Protosynthesis,111,127,99,79,99,55,9
Flutter Mane,#00987,"['Ghost', 'Fairy']",Protosynthesis,55,55,55,135,135,135,9
Slither Wing,#00988,"['Bug', 'Fighting']",Protosynthesis,85,135,79,85,105,81,9
Sandy Shocks,#00989,"['Electric', 'Ground']",Protosynthesis,85,81,97,121,85,101,9
Iron Treads,#00990,"['Ground', 'Steel']",Quark Drive,90,112,120,72,70,106,9
Iron Bundle,#00991,"['Ice', 'Water']",Quark Drive,56,80,114,124,60,136,9
Iron Hands,#00992,"['Fighting', 'Electric']",Quark Drive,154,140,108,50,68,50,9
Iron Jugulis,#00993,"['Dark', 'Flying']",Quark Drive,94,80,86,122,80,108,9
Iron Moth,#00994,"['Fire', 'Poison']",Quark Drive,80,70,60,140,110,110,9
Iron Thorns,#00995,"['Rock', 'Electric']",Quark Drive,100,134,110,70,84,72,9
Frigibax,#00996,"['Dragon', 'Ice']",Thermal Exchange Ice Body,65,75,45,35,45,55,9
Arctibax,#00997,"['Dragon', 'Ice']",Thermal Exchange Ice Body,90,95,66,45,65,62,9
Baxcalibur,#00998,"['Dragon', 'Ice']",Thermal Exchange Ice Body,115,145,92,75,86,87,9
Gimmighoul,#00999,"['Ghost', nan]",Rattled,45,30,70,75,70,10,9
Gholdengo,#1000,"['Steel', 'Ghost']",Good as Gold,87,60,95,133,91,84,9
Wo-Chien,#1001,"['Dark', 'Grass']",Tablets of Ruin,85,85,100,95,135,70,9
Chien-Pao,#1002,"['Dark', 'Ice']",Sword of Ruin,80,120,80,90,65,135,9
Ting-Lu,#1003,"['Dark', 'Ground']",Vessel of Ruin,155,110,125,55,80,45,9
Chi-Yu,#1004,"['Dark', 'Fire']",Beads of Ruin,55,80,80,135,120,100,9
Roaring Moon,#1005,"['Dragon', 'Dark']",Protosynthesis,105,139,71,55,101,119,9
Iron Valiant,#1006,"['Fairy', 'Fighting']",Quark Drive,74,130,90,120,60,116,9
Koraidon,#1007,"['Fighting', 'Dragon']",Orichalcum Pulse,100,135,115,85,100,135,9
Miraidon,#1008,"['Electric', 'Dragon']",Hadron Engine,100,85,100,135,115,135,9
Walking Wake,#1009,"['Water', 'Dragon']",Protosynthesis,99,83,91,125,83,109,9
Iron Leaves,#1010,"['Grass', 'Psychic']",Quark Drive,90,130,88,70,108,104,9
