Name,Pokedex_Number,Type,Ability,Hp,Attack,Defense,Sp_Attack,Sp_Defense,Speed
Bulbasaur,#00001,"['Grass', 'Poison']",Overgrow Chlorophyll,45,49,49,65,65,45
Ivysaur,#00002,"['Grass', 'Poison']",Overgrow Chlorophyll,60,62,63,80,80,60
Venusaur,#00003,"['Grass', 'Poison']",Overgrow Chlorophyll,80,82,83,100,100,80
Charmander,#00004,"['Fire', nan]",Blaze Solar Power,39,52,43,60,50,65
Charmeleon,#00005,"['Fire', nan]",Blaze Solar Power,58,64,58,80,65,80
Charizard,#00006,"['Fire', 'Flying']",Blaze Solar Power,78,84,78,109,85,100
Squirtle,#00007,"['Water', nan]",Torrent Rain Dish,44,48,65,50,64,43
Wartortle,#00008,"['Water', nan]",Torrent Rain Dish,59,63,80,65,80,58
Blastoise,#00009,"['Water', nan]",Torrent Rain Dish,79,83,100,85,105,78
Caterpie,#00010,"['Bug', nan]",Shield Dust Run Away,45,30,35,20,20,45
Metapod,#00011,"['Bug', nan]",Shed Skin,50,20,55,25,25,30
Butterfree,#00012,"['Bug', 'Flying']",Compoundeyes Tinted Lens,60,45,50,90,80,70
Weedle,#00013,"['Bug', 'Poison']",Shield Dust Run Away,40,35,30,20,20,50
Kakuna,#00014,"['Bug', 'Poison']",Shed Skin,45,25,50,25,25,35
Beedrill,#00015,"['Bug', 'Poison']",Swarm Sniper,65,90,40,45,80,75
Pidgey,#00016,"['Normal', 'Flying']",Keen Eye Tangled Feet Big Pecks,40,45,40,35,35,56
Pidgeotto,#00017,"['Normal', 'Flying']",Keen Eye Tangled Feet Big Pecks,63,60,55,50,50,71
Pidgeot,#00018,"['Normal', 'Flying']",Keen Eye Tangled Feet Big Pecks,83,80,75,70,70,101
Rattata,#00019,"['Normal', nan]",Run Away Guts Hustle,30,56,35,25,35,72
Raticate,#00020,"['Normal', nan]",Run Away Guts Hustle,55,81,60,50,70,97
Spearow,#00021,"['Normal', 'Flying']",Keen Eye Sniper,40,60,30,31,31,70
Fearow,#00022,"['Normal', 'Flying']",Keen Eye Sniper,65,90,65,61,61,100
Ekans,#00023,"['Poison', nan]",Intimidate Shed Skin Unnerve,35,60,44,40,54,55
Arbok,#00024,"['Poison', nan]",Intimidate Shed Skin Unnerve,60,95,69,65,79,80
Pikachu,#00025,"['Electric', nan]",Static Lightning Rod,35,55,40,50,50,90
Raichu,#00026,"['Electric', nan]",Static Lightning Rod,60,90,55,90,80,110
Sandshrew,#00027,"['Ground', nan]",Sand Veil Sand Rush,50,75,85,20,30,40
Sandslash,#00028,"['Ground', nan]",Sand Veil Sand Rush,75,100,110,45,55,65
Nidoran♀,#00029,"['Poison', nan]",Poison Point Rivalry Hustle,55,47,52,40,40,41
Nidorina,#00030,"['Poison', nan]",Poison Point Rivalry Hustle,70,62,67,55,55,56
Nidoqueen,#00031,"['Poison', 'Ground']",Poison Point Rivalry Sheer Force,90,92,87,75,85,76
Nidoran♂,#00032,"['Poison', nan]",Poison Point Rivalry Hustle,46,57,40,40,40,50
Nidorino,#00033,"['Poison', nan]",Poison Point Rivalry Hustle,61,72,57,55,55,65
Nidoking,#00034,"['Poison', 'Ground']",Poison Point Rivalry Sheer Force,81,102,77,85,75,85
Clefairy,#00035,"['Fairy', nan]",Cute Charm Magic Guard Friend Guard,70,45,48,60,65,35
Clefable,#00036,"['Fairy', nan]",Cute Charm Magic Guard Unaware,95,70,73,95,90,60
Vulpix,#00037,"['Fire', nan]",Flash Fire Drought,38,41,40,50,65,65
Ninetales,#00038,"['Fire', nan]",Flash Fire Drought,73,76,75,81,100,100
Jigglypuff,#00039,"['Normal', 'Fairy']",Cute Charm Competitive Friend Guard,115,45,20,45,25,20
Wigglytuff,#00040,"['Normal', 'Fairy']",Cute Charm Competitive Frisk,140,70,45,85,50,45
Zubat,#00041,"['Poison', 'Flying']",Inner Focus Infiltrator,40,45,35,30,40,55
Golbat,#00042,"['Poison', 'Flying']",Inner Focus Infiltrator,75,80,70,65,75,90
Oddish,#00043,"['Grass', 'Poison']",Chlorophyll Run Away,45,50,55,75,65,30
Gloom,#00044,"['Grass', 'Poison']",Chlorophyll Stench,60,65,70,85,75,40
Vileplume,#00045,"['Grass', 'Poison']",Chlorophyll Effect Spore,75,80,85,110,90,50
Paras,#00046,"['Bug', 'Grass']",Effect Spore Dry Skin Damp,35,70,55,45,55,25
Parasect,#00047,"['Bug', 'Grass']",Effect Spore Dry Skin Damp,60,95,80,60,80,30
Venonat,#00048,"['Bug', 'Poison']",Compoundeyes Tinted Lens Run Away,60,55,50,40,55,45
Venomoth,#00049,"['Bug', 'Poison']",Shield Dust Tinted Lens Wonder Skin,70,65,60,90,75,90
Diglett,#00050,"['Ground', nan]",Sand Veil Arena Trap Sand Force,10,55,25,35,45,95
Dugtrio,#00051,"['Ground', nan]",Sand Veil Arena Trap Sand Force,35,100,50,50,70,120
Meowth,#00052,"['Normal', nan]",Pickup Technician Unnerve,40,45,35,40,40,90
Persian,#00053,"['Normal', nan]",Limber Technician Unnerve,65,70,60,65,65,115
Psyduck,#00054,"['Water', nan]",Damp Cloud Nine Swift Swim,50,52,48,65,50,55
Golduck,#00055,"['Water', nan]",Damp Cloud Nine Swift Swim,80,82,78,95,80,85
Mankey,#00056,"['Fighting', nan]",Vital Spirit Anger Point Defiant,40,80,35,35,45,70
Primeape,#00057,"['Fighting', nan]",Vital Spirit Anger Point Defiant,65,105,60,60,70,95
Growlithe,#00058,"['Fire', nan]",Intimidate Flash Fire Justified,55,70,45,70,50,60
Arcanine,#00059,"['Fire', nan]",Intimidate Flash Fire Justified,90,110,80,100,80,95
Poliwag,#00060,"['Water', nan]",Water Absorb Damp Swift Swim,40,50,40,40,40,90
Poliwhirl,#00061,"['Water', nan]",Water Absorb Damp Swift Swim,65,65,65,50,50,90
Poliwrath,#00062,"['Water', 'Fighting']",Water Absorb Damp Swift Swim,90,95,95,70,90,70
Abra,#00063,"['Psychic', nan]",Synchronize Inner Focus Magic Guard,25,20,15,105,55,90
Kadabra,#00064,"['Psychic', nan]",Synchronize Inner Focus Magic Guard,40,35,30,120,70,105
Alakazam,#00065,"['Psychic', nan]",Synchronize Inner Focus Magic Guard,55,50,45,135,95,120
Machop,#00066,"['Fighting', nan]",Guts No Guard Steadfast,70,80,50,35,35,35
Machoke,#00067,"['Fighting', nan]",Guts No Guard Steadfast,80,100,70,50,60,45
Machamp,#00068,"['Fighting', nan]",Guts No Guard Steadfast,90,130,80,65,85,55
Bellsprout,#00069,"['Grass', 'Poison']",Chlorophyll Gluttony,50,75,35,70,30,40
Weepinbell,#00070,"['Grass', 'Poison']",Chlorophyll Gluttony,65,90,50,85,45,55
Victreebel,#00071,"['Grass', 'Poison']",Chlorophyll Gluttony,80,105,65,100,70,70
Tentacool,#00072,"['Water', 'Poison']",Clear Body Liquid Ooze Rain Dish,40,40,35,50,100,70
Tentacruel,#00073,"['Water', 'Poison']",Clear Body Liquid Ooze Rain Dish,80,70,65,80,120,100
Geodude,#00074,"['Rock', 'Ground']",Rock Head Sturdy Sand Veil,40,80,100,30,30,20
Graveler,#00075,"['Rock', 'Ground']",Rock Head Sturdy Sand Veil,55,95,115,45,45,35
Golem,#00076,"['Rock', 'Ground']",Rock Head Sturdy Sand Veil,80,120,130,55,65,45
Ponyta,#00077,"['Fire', nan]",Run Away Flash Fire Flame Body,50,85,55,65,65,90
Rapidash,#00078,"['Fire', nan]",Run Away Flash Fire Flame Body,65,100,70,80,80,105
Slowpoke,#00079,"['Water', 'Psychic']",Oblivious Own Tempo Regenerator,90,65,65,40,40,15
Slowbro,#00080,"['Water', 'Psychic']",Oblivious Own Tempo Regenerator,95,75,110,100,80,30
Magnemite,#00081,"['Electric', 'Steel']",Magnet Pull Sturdy Analytic,25,35,70,95,55,45
Magneton,#00082,"['Electric', 'Steel']",Magnet Pull Sturdy Analytic,50,60,95,120,70,70
Farfetch'd,#00083,"['Normal', 'Flying']",Keen Eye Inner Focus Defiant,52,90,55,58,62,60
Doduo,#00084,"['Normal', 'Flying']",Run Away Early Bird Tangled Feet,35,85,45,35,35,75
Dodrio,#00085,"['Normal', 'Flying']",Run Away Early Bird Tangled Feet,60,110,70,60,60,110
Seel,#00086,"['Water', nan]",Thick Fat Hydration Ice Body,65,45,55,45,70,45
Dewgong,#00087,"['Water', 'Ice']",Thick Fat Hydration Ice Body,90,70,80,70,95,70
Grimer,#00088,"['Poison', nan]",Stench Sticky Hold Poison Touch,80,80,50,40,50,25
Muk,#00089,"['Poison', nan]",Stench Sticky Hold Poison Touch,105,105,75,65,100,50
Shellder,#00090,"['Water', nan]",Shell Armor Skill Link Overcoat,30,65,100,45,25,40
Cloyster,#00091,"['Water', 'Ice']",Shell Armor Skill Link Overcoat,50,95,180,85,45,70
Gastly,#00092,"['Ghost', 'Poison']",Levitate,30,35,30,100,35,80
Haunter,#00093,"['Ghost', 'Poison']",Levitate,45,50,45,115,55,95
Gengar,#00094,"['Ghost', 'Poison']",Cursed Body,60,65,60,130,75,110
Onix,#00095,"['Rock', 'Ground']",Rock Head Sturdy Weak Armor,35,45,160,30,45,70
Drowzee,#00096,"['Psychic', nan]",Insomnia Forewarn Inner Focus,60,48,45,43,90,42
Hypno,#00097,"['Psychic', nan]",Insomnia Forewarn Inner Focus,85,73,70,73,115,67
Krabby,#00098,"['Water', nan]",Hyper Cutter Shell Armor Sheer Force,30,105,90,25,25,50
Kingler,#00099,"['Water', nan]",Hyper Cutter Shell Armor Sheer Force,55,130,115,50,50,75
Voltorb,#00100,"['Electric', nan]",Soundproof Static Aftermath,40,30,50,55,55,100
Electrode,#00101,"['Electric', nan]",Soundproof Static Aftermath,60,50,70,80,80,150
Exeggcute,#00102,"['Grass', 'Psychic']",Chlorophyll Harvest,60,40,80,60,45,40
Exeggutor,#00103,"['Grass', 'Psychic']",Chlorophyll Harvest,95,95,85,125,75,55
Cubone,#00104,"['Ground', nan]",Rock Head Lightning Rod Battle Armor,50,50,95,40,50,35
Marowak,#00105,"['Ground', nan]",Rock Head Lightning Rod Battle Armor,60,80,110,50,80,45
Hitmonlee,#00106,"['Fighting', nan]",Limber Reckless Unburden,50,120,53,35,110,87
Hitmonchan,#00107,"['Fighting', nan]",Keen Eye Iron Fist Inner Focus,50,105,79,35,110,76
Lickitung,#00108,"['Normal', nan]",Own Tempo Oblivious Cloud Nine,90,55,75,60,75,30
Koffing,#00109,"['Poison', nan]",Levitate Neutralizing Gas Stench,40,65,95,60,45,35
Weezing,#00110,"['Poison', nan]",Levitate Neutralizing Gas Stench,65,90,120,85,70,60
Rhyhorn,#00111,"['Ground', 'Rock']",Lightning Rod Rock Head Reckless,80,85,95,30,30,25
Rhydon,#00112,"['Ground', 'Rock']",Lightning Rod Rock Head Reckless,105,130,120,45,45,40
Chansey,#00113,"['Normal', nan]",Natural Cure Serene Grace Healer,250,5,5,35,105,50
Tangela,#00114,"['Grass', nan]",Chlorophyll Leaf Guard Regenerator,65,55,115,100,40,60
Kangaskhan,#00115,"['Normal', nan]",Early Bird Scrappy Inner Focus,105,95,80,40,80,90
Horsea,#00116,"['Water', nan]",Swift Swim Sniper Damp,30,40,70,70,25,60
Seadra,#00117,"['Water', nan]",Poison Point Sniper Damp,55,65,95,95,45,85
Goldeen,#00118,"['Water', nan]",Swift Swim Water Veil Lightning Rod,45,67,60,35,50,63
Seaking,#00119,"['Water', nan]",Swift Swim Water Veil Lightning Rod,80,92,65,65,80,68
Staryu,#00120,"['Water', nan]",Illuminate Natural Cure Analytic,30,45,55,70,55,85
Starmie,#00121,"['Water', 'Psychic']",Illuminate Natural Cure Analytic,60,75,85,100,85,115
Mr. Mime,#00122,"['Psychic', 'Fairy']",Soundproof Filter Technician,40,45,65,100,120,90
Scyther,#00123,"['Bug', 'Flying']",Swarm Technician Steadfast,70,110,80,55,80,105
Jynx,#00124,"['Ice', 'Psychic']",Oblivious Forewarn Dry Skin,65,50,35,115,95,95
Electabuzz,#00125,"['Electric', nan]",Static Vital Spirit,65,83,57,95,85,105
Magmar,#00126,"['Fire', nan]",Flame Body Vital Spirit,65,95,57,100,85,93
Pinsir,#00127,"['Bug', nan]",Hyper Cutter Mold Breaker Moxie,65,125,100,55,70,85
Tauros,#00128,"['Normal', nan]",Intimidate Anger Point Sheer Force,75,100,95,40,70,110
Magikarp,#00129,"['Water', nan]",Swift Swim Rattled,20,10,55,15,20,80
Gyarados,#00130,"['Water', 'Flying']",Intimidate Moxie,95,125,79,60,100,81
Lapras,#00131,"['Water', 'Ice']",Water Absorb Shell Armor Hydration,130,85,80,85,95,60
Ditto,#00132,"['Normal', nan]",Limber Imposter,48,48,48,48,48,48
Eevee,#00133,"['Normal', nan]",Run Away Adaptability Anticipation,55,55,50,45,65,55
Vaporeon,#00134,"['Water', nan]",Water Absorb Hydration,130,65,60,110,95,65
Jolteon,#00135,"['Electric', nan]",Volt Absorb Quick Feet,65,65,60,110,95,130
Flareon,#00136,"['Fire', nan]",Flash Fire Guts,65,130,60,95,110,65
Porygon,#00137,"['Normal', nan]",Trace Download Analytic,65,60,70,85,75,40
Omanyte,#00138,"['Rock', 'Water']",Swift Swim Shell Armor Weak Armor,35,40,100,90,55,35
Omastar,#00139,"['Rock', 'Water']",Swift Swim Shell Armor Weak Armor,70,60,125,115,70,55
Kabuto,#00140,"['Rock', 'Water']",Swift Swim Battle Armor Weak Armor,30,80,90,55,45,55
Kabutops,#00141,"['Rock', 'Water']",Swift Swim Battle Armor Weak Armor,60,115,105,65,70,80
Aerodactyl,#00142,"['Rock', 'Flying']",Rock Head Pressure Unnerve,80,105,65,60,75,130
Snorlax,#00143,"['Normal', nan]",Immunity Thick Fat Gluttony,160,110,65,65,110,30
Articuno,#00144,"['Ice', 'Flying']",Pressure Snow Cloak,90,85,100,95,125,85
Zapdos,#00145,"['Electric', 'Flying']",Pressure Static,90,90,85,125,90,100
Moltres,#00146,"['Fire', 'Flying']",Pressure Flame Body,90,100,90,125,85,90
Dratini,#00147,"['Dragon', nan]",Shed Skin Marvel Scale,41,64,45,50,50,50
Dragonair,#00148,"['Dragon', nan]",Shed Skin Marvel Scale,61,84,65,70,70,70
Dragonite,#00149,"['Dragon', 'Flying']",Inner Focus Multiscale,91,134,95,100,100,80
Mewtwo,#00150,"['Psychic', nan]",Pressure Unnerve,106,110,90,154,90,130
Mew,#00151,"['Psychic', nan]",Synchronize,100,100,100,100,100,100
Chikorita,#00152,"['Grass', nan]",Overgrow Leaf Guard,45,49,65,49,65,45
Bayleef,#00153,"['Grass', nan]",Overgrow Leaf Guard,60,62,80,63,80,60
Meganium,#00154,"['Grass', nan]",Overgrow Leaf Guard,80,82,100,83,100,80
Cyndaquil,#00155,"['Fire', nan]",Blaze Flash Fire,39,52,43,60,50,65
Quilava,#00156,"['Fire', nan]",Blaze Flash Fire,58,64,58,80,65,80
Typhlosion,#00157,"['Fire', nan]",Blaze Flash Fire,78,84,78,109,85,100
Totodile,#00158,"['Water', nan]",Torrent Sheer Force,50,65,64,44,48,43
Croconaw,#00159,"['Water', nan]",Torrent Sheer Force,65,80,80,59,63,58
Feraligatr,#00160,"['Water', nan]",Torrent Sheer Force,85,105,100,79,83,78
Sentret,#00161,"['Normal', nan]",Run Away Keen Eye Frisk,35,46,34,35,45,20
Furret,#00162,"['Normal', nan]",Run Away Keen Eye Frisk,85,76,64,45,55,90
Hoothoot,#00163,"['Normal', 'Flying']",Insomnia Keen Eye Tinted Lens,60,30,30,36,56,50
Noctowl,#00164,"['Normal', 'Flying']",Insomnia Keen Eye Tinted Lens,100,50,50,86,96,70
Ledyba,#00165,"['Bug', 'Flying']",Swarm Early Bird Rattled,40,20,30,40,80,55
Ledian,#00166,"['Bug', 'Flying']",Swarm Early Bird Iron Fist,55,35,50,55,110,85
Spinarak,#00167,"['Bug', 'Poison']",Swarm Insomnia Sniper,40,60,40,40,40,30
Ariados,#00168,"['Bug', 'Poison']",Swarm Insomnia Sniper,70,90,70,60,70,40
Crobat,#00169,"['Poison', 'Flying']",Inner Focus Infiltrator,85,90,80,70,80,130
Chinchou,#00170,"['Water', 'Electric']",Volt Absorb Illuminate Water Absorb,75,38,38,56,56,67
Lanturn,#00171,"['Water', 'Electric']",Volt Absorb Illuminate Water Absorb,125,58,58,76,76,67
Pichu,#00172,"['Electric', nan]",Static Lightning Rod,20,40,15,35,35,60
Cleffa,#00173,"['Fairy', nan]",Cute Charm Magic Guard Friend Guard,50,25,28,45,55,15
Igglybuff,#00174,"['Normal', 'Fairy']",Cute Charm Competitive Friend Guard,90,30,15,40,20,15
Togepi,#00175,"['Fairy', nan]",Hustle Serene Grace Super Luck,35,20,65,40,65,20
Togetic,#00176,"['Fairy', 'Flying']",Hustle Serene Grace Super Luck,55,40,85,80,105,40
Natu,#00177,"['Psychic', 'Flying']",Synchronize Early Bird Magic Bounce,40,50,45,70,45,70
Xatu,#00178,"['Psychic', 'Flying']",Synchronize Early Bird Magic Bounce,65,75,70,95,70,95
Mareep,#00179,"['Electric', nan]",Static Plus,55,40,40,65,45,35
Flaaffy,#00180,"['Electric', nan]",Static Plus,70,55,55,80,60,45
Ampharos,#00181,"['Electric', nan]",Static Plus,90,75,85,115,90,55
Bellossom,#00182,"['Grass', nan]",Chlorophyll Healer,75,80,95,90,100,50
Marill,#00183,"['Water', 'Fairy']",Thick Fat Huge Power Sap Sipper,70,20,50,20,50,40
Azumarill,#00184,"['Water', 'Fairy']",Thick Fat Huge Power Sap Sipper,100,50,80,60,80,50
Sudowoodo,#00185,"['Rock', nan]",Sturdy Rock Head Rattled,70,100,115,30,65,30
Politoed,#00186,"['Water', nan]",Water Absorb Damp Drizzle,90,75,75,90,100,70
Hoppip,#00187,"['Grass', 'Flying']",Chlorophyll Leaf Guard Infiltrator,35,35,40,35,55,50
Skiploom,#00188,"['Grass', 'Flying']",Chlorophyll Leaf Guard Infiltrator,55,45,50,45,65,80
Jumpluff,#00189,"['Grass', 'Flying']",Chlorophyll Leaf Guard Infiltrator,75,55,70,55,95,110
Aipom,#00190,"['Normal', nan]",Run Away Pickup Skill Link,55,70,55,40,55,85
Sunkern,#00191,"['Grass', nan]",Chlorophyll Solar Power Early Bird,30,30,30,30,30,30
Sunflora,#00192,"['Grass', nan]",Chlorophyll Solar Power Early Bird,75,75,55,105,85,30
Yanma,#00193,"['Bug', 'Flying']",Speed Boost Compoundeyes Frisk,65,65,45,75,45,95
Wooper,#00194,"['Water', 'Ground']",Damp Water Absorb Unaware,55,45,45,25,25,15
Quagsire,#00195,"['Water', 'Ground']",Damp Water Absorb Unaware,95,85,85,65,65,35
Espeon,#00196,"['Psychic', nan]",Synchronize Magic Bounce,65,65,60,130,95,110
Umbreon,#00197,"['Dark', nan]",Synchronize Inner Focus,95,65,110,60,130,65
Murkrow,#00198,"['Dark', 'Flying']",Insomnia Super Luck Prankster,60,85,42,85,42,91
Slowking,#00199,"['Water', 'Psychic']",Oblivious Own Tempo Regenerator,95,75,80,100,110,30
Misdreavus,#00200,"['Ghost', nan]",Levitate,60,60,60,85,85,85
Unown,#00201,"['Psychic', nan]",Levitate,48,72,48,72,48,48
Wobbuffet,#00202,"['Psychic', nan]",Shadow Tag Telepathy,190,33,58,33,58,33
Girafarig,#00203,"['Normal', 'Psychic']",Inner Focus Early Bird Sap Sipper,70,80,65,90,65,85
Pineco,#00204,"['Bug', nan]",Sturdy Overcoat,50,65,90,35,35,15
Forretress,#00205,"['Bug', 'Steel']",Sturdy Overcoat,75,90,140,60,60,40
Dunsparce,#00206,"['Normal', nan]",Serene Grace Run Away Rattled,100,70,70,65,65,45
Gligar,#00207,"['Ground', 'Flying']",Hyper Cutter Sand Veil Immunity,65,75,105,35,65,85
Steelix,#00208,"['Steel', 'Ground']",Rock Head Sturdy Sheer Force,75,85,200,55,65,30
Snubbull,#00209,"['Fairy', nan]",Intimidate Run Away Rattled,60,80,50,40,40,30
Granbull,#00210,"['Fairy', nan]",Intimidate Quick Feet Rattled,90,120,75,60,60,45
Qwilfish,#00211,"['Water', 'Poison']",Poison Point Swift Swim Intimidate,65,95,85,55,55,85
Scizor,#00212,"['Bug', 'Steel']",Swarm Technician Light Metal,70,130,100,55,80,65
Shuckle,#00213,"['Bug', 'Rock']",Sturdy Gluttony Contrary,20,10,230,10,230,5
Heracross,#00214,"['Bug', 'Fighting']",Swarm Guts Moxie,80,125,75,40,95,85
Sneasel,#00215,"['Dark', 'Ice']",Inner Focus Keen Eye Pickpocket,55,95,55,35,75,115
Teddiursa,#00216,"['Normal', nan]",Pickup Quick Feet Honey Gather,60,80,50,50,50,40
Ursaring,#00217,"['Normal', nan]",Guts Quick Feet Unnerve,90,130,75,75,75,55
Slugma,#00218,"['Fire', nan]",Magma Armor Flame Body Weak Armor,40,40,40,70,40,20
Magcargo,#00219,"['Fire', 'Rock']",Magma Armor Flame Body Weak Armor,60,50,120,90,80,30
Swinub,#00220,"['Ice', 'Ground']",Oblivious Snow Cloak Thick Fat,50,50,40,30,30,50
Piloswine,#00221,"['Ice', 'Ground']",Oblivious Snow Cloak Thick Fat,100,100,80,60,60,50
Corsola,#00222,"['Water', 'Rock']",Hustle Natural Cure Regenerator,65,55,95,65,95,35
Remoraid,#00223,"['Water', nan]",Hustle Sniper Moody,35,65,35,65,35,65
Octillery,#00224,"['Water', nan]",Suction Cups Sniper Moody,75,105,75,105,75,45
Delibird,#00225,"['Ice', 'Flying']",Vital Spirit Hustle Insomnia,45,55,45,65,45,75
Mantine,#00226,"['Water', 'Flying']",Swift Swim Water Absorb Water Veil,85,40,70,80,140,70
Skarmory,#00227,"['Steel', 'Flying']",Keen Eye Sturdy Weak Armor,65,80,140,40,70,70
Houndour,#00228,"['Dark', 'Fire']",Early Bird Flash Fire Unnerve,45,60,30,80,50,65
Houndoom,#00229,"['Dark', 'Fire']",Early Bird Flash Fire Unnerve,75,90,50,110,80,95
Kingdra,#00230,"['Water', 'Dragon']",Swift Swim Sniper Damp,75,95,95,95,95,85
Phanpy,#00231,"['Ground', nan]",Pickup Sand Veil,90,60,60,40,40,40
Donphan,#00232,"['Ground', nan]",Sturdy Sand Veil,90,120,120,60,60,50
Porygon2,#00233,"['Normal', nan]",Trace Download Analytic,85,80,90,105,95,60
Stantler,#00234,"['Normal', nan]",Intimidate Frisk Sap Sipper,73,95,62,85,65,85
Smeargle,#00235,"['Normal', nan]",Own Tempo Technician Moody,55,20,35,20,45,75
Tyrogue,#00236,"['Fighting', nan]",Guts Steadfast Vital Spirit,35,35,35,35,35,35
Hitmontop,#00237,"['Fighting', nan]",Intimidate Technician Steadfast,50,95,95,35,110,70
Smoochum,#00238,"['Ice', 'Psychic']",Oblivious Forewarn Hydration,45,30,15,85,65,65
Elekid,#00239,"['Electric', nan]",Static Vital Spirit,45,63,37,65,55,95
Magby,#00240,"['Fire', nan]",Flame Body Vital Spirit,45,75,37,70,55,83
Miltank,#00241,"['Normal', nan]",Thick Fat Scrappy Sap Sipper,95,80,105,40,70,100
Blissey,#00242,"['Normal', nan]",Natural Cure Serene Grace Healer,255,10,10,75,135,55
Raikou,#00243,"['Electric', nan]",Pressure Inner Focus,90,85,75,115,100,115
Entei,#00244,"['Fire', nan]",Pressure Inner Focus,115,115,85,90,75,100
Suicune,#00245,"['Water', nan]",Pressure Inner Focus,100,75,115,90,115,85
Larvitar,#00246,"['Rock', 'Ground']",Guts Sand Veil,50,64,50,45,50,41
Pupitar,#00247,"['Rock', 'Ground']",Shed Skin,70,84,70,65,70,51
Tyranitar,#00248,"['Rock', 'Dark']",Sand Stream Unnerve,100,134,110,95,100,61
Lugia,#00249,"['Psychic', 'Flying']",Pressure Multiscale,106,90,130,90,154,110
Ho-Oh,#00250,"['Fire', 'Flying']",Pressure Regenerator,106,130,90,110,154,90
Celebi,#00251,"['Psychic', 'Grass']",Natural Cure,100,100,100,100,100,100
Treecko,#00252,"['Grass', nan]",Overgrow Unburden,40,45,35,65,55,70
Grovyle,#00253,"['Grass', nan]",Overgrow Unburden,50,65,45,85,65,95
Sceptile,#00254,"['Grass', nan]",Overgrow Unburden,70,85,65,105,85,120
Torchic,#00255,"['Fire', nan]",Blaze Speed Boost,45,60,40,70,50,45
Combusken,#00256,"['Fire', 'Fighting']",Blaze Speed Boost,60,85,60,85,60,55
Blaziken,#00257,"['Fire', 'Fighting']",Blaze Speed Boost,80,120,70,110,70,80
Mudkip,#00258,"['Water', nan]",Torrent Damp,50,70,50,50,50,40
Marshtomp,#00259,"['Water', 'Ground']",Torrent Damp,70,85,70,60,70,50
Swampert,#00260,"['Water', 'Ground']",Torrent Damp,100,110,90,85,90,60
Poochyena,#00261,"['Dark', nan]",Run Away Quick Feet Rattled,35,55,35,30,30,35
Mightyena,#00262,"['Dark', nan]",Intimidate Quick Feet Moxie,70,90,70,60,60,70
Zigzagoon,#00263,"['Normal', nan]",Pickup Gluttony Quick Feet,38,30,41,30,41,60
Linoone,#00264,"['Normal', nan]",Pickup Gluttony Quick Feet,78,70,61,50,61,100
Wurmple,#00265,"['Bug', nan]",Shield Dust Run Away,45,45,35,20,30,20
Silcoon,#00266,"['Bug', nan]",Shed Skin,50,35,55,25,25,15
Beautifly,#00267,"['Bug', 'Flying']",Swarm Rivalry,60,70,50,100,50,65
Cascoon,#00268,"['Bug', nan]",Shed Skin,50,35,55,25,25,15
Dustox,#00269,"['Bug', 'Poison']",Shield Dust Compoundeyes,60,50,70,50,90,65
Lotad,#00270,"['Water', 'Grass']",Swift Swim Rain Dish Own Tempo,40,30,30,40,50,30
Lombre,#00271,"['Water', 'Grass']",Swift Swim Rain Dish Own Tempo,60,50,50,60,70,50
Ludicolo,#00272,"['Water', 'Grass']",Swift Swim Rain Dish Own Tempo,80,70,70,90,100,70
Seedot,#00273,"['Grass', nan]",Chlorophyll Early Bird Pickpocket,40,40,50,30,30,30
Nuzleaf,#00274,"['Grass', 'Dark']",Chlorophyll Early Bird Pickpocket,70,70,40,60,40,60
Shiftry,#00275,"['Grass', 'Dark']",Chlorophyll Early Bird Pickpocket,90,100,60,90,60,80
Taillow,#00276,"['Normal', 'Flying']",Guts Scrappy,40,55,30,30,30,85
Swellow,#00277,"['Normal', 'Flying']",Guts Scrappy,60,85,60,75,50,125
Wingull,#00278,"['Water', 'Flying']",Keen Eye Hydration Rain Dish,40,30,30,55,30,85
Pelipper,#00279,"['Water', 'Flying']",Keen Eye Drizzle Rain Dish,60,50,100,95,70,65
Ralts,#00280,"['Psychic', 'Fairy']",Synchronize Trace Telepathy,28,25,25,45,35,40
Kirlia,#00281,"['Psychic', 'Fairy']",Synchronize Trace Telepathy,38,35,35,65,55,50
Gardevoir,#00282,"['Psychic', 'Fairy']",Synchronize Trace Telepathy,68,65,65,125,115,80
Surskit,#00283,"['Bug', 'Water']",Swift Swim Rain Dish,40,30,32,50,52,65
Masquerain,#00284,"['Bug', 'Flying']",Intimidate Unnerve,70,60,62,100,82,80
Shroomish,#00285,"['Grass', nan]",Effect Spore Poison Heal Quick Feet,60,40,60,40,60,35
Breloom,#00286,"['Grass', 'Fighting']",Effect Spore Poison Heal Technician,60,130,80,60,60,70
Slakoth,#00287,"['Normal', nan]",Truant,60,60,60,35,35,30
Vigoroth,#00288,"['Normal', nan]",Vital Spirit,80,80,80,55,55,90
Slaking,#00289,"['Normal', nan]",Truant,150,160,100,95,65,100
Nincada,#00290,"['Bug', 'Ground']",Compoundeyes Run Away,31,45,90,30,30,40
Ninjask,#00291,"['Bug', 'Flying']",Speed Boost Infiltrator,61,90,45,50,50,160
Shedinja,#00292,"['Bug', 'Ghost']",Wonder Guard,1,90,45,30,30,40
Whismur,#00293,"['Normal', nan]",Soundproof Rattled,64,51,23,51,23,28
Loudred,#00294,"['Normal', nan]",Soundproof Scrappy,84,71,43,71,43,48
Exploud,#00295,"['Normal', nan]",Soundproof Scrappy,104,91,63,91,73,68
Makuhita,#00296,"['Fighting', nan]",Thick Fat Guts Sheer Force,72,60,30,20,30,25
Hariyama,#00297,"['Fighting', nan]",Thick Fat Guts Sheer Force,144,120,60,40,60,50
Azurill,#00298,"['Normal', 'Fairy']",Thick Fat Huge Power Sap Sipper,50,20,40,20,40,20
Nosepass,#00299,"['Rock', nan]",Sturdy Magnet Pull Sand Force,30,45,135,45,90,30
Skitty,#00300,"['Normal', nan]",Cute Charm Normalize Wonder Skin,50,45,45,35,35,50
Delcatty,#00301,"['Normal', nan]",Cute Charm Normalize Wonder Skin,70,65,65,55,55,90
Sableye,#00302,"['Dark', 'Ghost']",Keen Eye Stall Prankster,50,75,75,65,65,50
Mawile,#00303,"['Steel', 'Fairy']",Hyper Cutter Intimidate Sheer Force,50,85,85,55,55,50
Aron,#00304,"['Steel', 'Rock']",Sturdy Rock Head Heavy Metal,50,70,100,40,40,30
Lairon,#00305,"['Steel', 'Rock']",Sturdy Rock Head Heavy Metal,60,90,140,50,50,40
Aggron,#00306,"['Steel', 'Rock']",Sturdy Rock Head Heavy Metal,70,110,180,60,60,50
Meditite,#00307,"['Fighting', 'Psychic']",Pure Power Telepathy,30,40,55,40,55,60
Medicham,#00308,"['Fighting', 'Psychic']",Pure Power Telepathy,60,60,75,60,75,80
Electrike,#00309,"['Electric', nan]",Static Lightning Rod Minus,40,45,40,65,40,65
Manectric,#00310,"['Electric', nan]",Static Lightning Rod Minus,70,75,60,105,60,105
Plusle,#00311,"['Electric', nan]",Plus Lightning Rod,60,50,40,85,75,95
Minun,#00312,"['Electric', nan]",Minus Volt Absorb,60,40,50,75,85,95
Volbeat,#00313,"['Bug', nan]",Illuminate Swarm Prankster,65,73,75,47,85,85
Illumise,#00314,"['Bug', nan]",Oblivious Tinted Lens Prankster,65,47,75,73,85,85
Roselia,#00315,"['Grass', 'Poison']",Natural Cure Poison Point Leaf Guard,50,60,45,100,80,65
Gulpin,#00316,"['Poison', nan]",Liquid Ooze Sticky Hold Gluttony,70,43,53,43,53,40
Swalot,#00317,"['Poison', nan]",Liquid Ooze Sticky Hold Gluttony,100,73,83,73,83,55
Carvanha,#00318,"['Water', 'Dark']",Rough Skin Speed Boost,45,90,20,65,20,65
Sharpedo,#00319,"['Water', 'Dark']",Rough Skin Speed Boost,70,120,40,95,40,95
Wailmer,#00320,"['Water', nan]",Water Veil Oblivious Pressure,130,70,35,70,35,60
Wailord,#00321,"['Water', nan]",Water Veil Oblivious Pressure,170,90,45,90,45,60
Numel,#00322,"['Fire', 'Ground']",Oblivious Simple Own Tempo,60,60,40,65,45,35
Camerupt,#00323,"['Fire', 'Ground']",Magma Armor Solid Rock Anger Point,70,100,70,105,75,40
Torkoal,#00324,"['Fire', nan]",White Smoke Drought Shell Armor,70,85,140,85,70,20
Spoink,#00325,"['Psychic', nan]",Thick Fat Own Tempo Gluttony,60,25,35,70,80,60
Grumpig,#00326,"['Psychic', nan]",Thick Fat Own Tempo Gluttony,80,45,65,90,110,80
Spinda,#00327,"['Normal', nan]",Own Tempo Tangled Feet Contrary,60,60,60,60,60,60
Trapinch,#00328,"['Ground', nan]",Hyper Cutter Arena Trap Sheer Force,45,100,45,45,45,10
Vibrava,#00329,"['Ground', 'Dragon']",Levitate,50,70,50,50,50,70
Flygon,#00330,"['Ground', 'Dragon']",Levitate,80,100,80,80,80,100
Cacnea,#00331,"['Grass', nan]",Sand Veil Water Absorb,50,85,40,85,40,35
Cacturne,#00332,"['Grass', 'Dark']",Sand Veil Water Absorb,70,115,60,115,60,55
Swablu,#00333,"['Normal', 'Flying']",Natural Cure Cloud Nine,45,40,60,40,75,50
Altaria,#00334,"['Dragon', 'Flying']",Natural Cure Cloud Nine,75,70,90,70,105,80
Zangoose,#00335,"['Normal', nan]",Immunity Toxic Boost,73,115,60,60,60,90
Seviper,#00336,"['Poison', nan]",Shed Skin Infiltrator,73,100,60,100,60,65
Lunatone,#00337,"['Rock', 'Psychic']",Levitate,90,55,65,95,85,70
Solrock,#00338,"['Rock', 'Psychic']",Levitate,90,95,85,55,65,70
Barboach,#00339,"['Water', 'Ground']",Oblivious Anticipation Hydration,50,48,43,46,41,60
Whiscash,#00340,"['Water', 'Ground']",Oblivious Anticipation Hydration,110,78,73,76,71,60
Corphish,#00341,"['Water', nan]",Hyper Cutter Shell Armor Adaptability,43,80,65,50,35,35
Crawdaunt,#00342,"['Water', 'Dark']",Hyper Cutter Shell Armor Adaptability,63,120,85,90,55,55
Baltoy,#00343,"['Ground', 'Psychic']",Levitate,40,40,55,40,70,55
Claydol,#00344,"['Ground', 'Psychic']",Levitate,60,70,105,70,120,75
Lileep,#00345,"['Rock', 'Grass']",Suction Cups Storm Drain,66,41,77,61,87,23
Cradily,#00346,"['Rock', 'Grass']",Suction Cups Storm Drain,86,81,97,81,107,43
Anorith,#00347,"['Rock', 'Bug']",Battle Armor Swift Swim,45,95,50,40,50,75
Armaldo,#00348,"['Rock', 'Bug']",Battle Armor Swift Swim,75,125,100,70,80,45
Feebas,#00349,"['Water', nan]",Swift Swim Oblivious Adaptability,20,15,20,10,55,80
Milotic,#00350,"['Water', nan]",Marvel Scale Competitive Cute Charm,95,60,79,100,125,81
Castform,#00351,"['Normal', nan]",Forecast,70,70,70,70,70,70
Kecleon,#00352,"['Normal', nan]",Color Change Protean,60,90,70,60,120,40
Shuppet,#00353,"['Ghost', nan]",Insomnia Frisk Cursed Body,44,75,35,63,33,45
Banette,#00354,"['Ghost', nan]",Insomnia Frisk Cursed Body,64,115,65,83,63,65
Duskull,#00355,"['Ghost', nan]",Levitate Frisk,20,40,90,30,90,25
Dusclops,#00356,"['Ghost', nan]",Pressure Frisk,40,70,130,60,130,25
Tropius,#00357,"['Grass', 'Flying']",Chlorophyll Solar Power Harvest,99,68,83,72,87,51
Chimecho,#00358,"['Psychic', nan]",Levitate,75,50,80,95,90,65
Absol,#00359,"['Dark', nan]",Pressure Super Luck Justified,65,130,60,75,60,75
Wynaut,#00360,"['Psychic', nan]",Shadow Tag Telepathy,95,23,48,23,48,23
Snorunt,#00361,"['Ice', nan]",Inner Focus Ice Body Moody,50,50,50,50,50,50
Glalie,#00362,"['Ice', nan]",Inner Focus Ice Body Moody,80,80,80,80,80,80
Spheal,#00363,"['Ice', 'Water']",Thick Fat Ice Body Oblivious,70,40,50,55,50,25
Sealeo,#00364,"['Ice', 'Water']",Thick Fat Ice Body Oblivious,90,60,70,75,70,45
Walrein,#00365,"['Ice', 'Water']",Thick Fat Ice Body Oblivious,110,80,90,95,90,65
Clamperl,#00366,"['Water', nan]",Shell Armor Rattled,35,64,85,74,55,32
Huntail,#00367,"['Water', nan]",Swift Swim Water Veil,55,104,105,94,75,52
Gorebyss,#00368,"['Water', nan]",Swift Swim Hydration,55,84,105,114,75,52
Relicanth,#00369,"['Water', 'Rock']",Swift Swim Rock Head Sturdy,100,90,130,45,65,55
Luvdisc,#00370,"['Water', nan]",Swift Swim Hydration,43,30,55,40,65,97
Bagon,#00371,"['Dragon', nan]",Rock Head Sheer Force,45,75,60,40,30,50
Shelgon,#00372,"['Dragon', nan]",Rock Head Overcoat,65,95,100,60,50,50
Salamence,#00373,"['Dragon', 'Flying']",Intimidate Moxie,95,135,80,110,80,100
Beldum,#00374,"['Steel', 'Psychic']",Clear Body Light Metal,40,55,80,35,60,30
Metang,#00375,"['Steel', 'Psychic']",Clear Body Light Metal,60,75,100,55,80,50
Metagross,#00376,"['Steel', 'Psychic']",Clear Body Light Metal,80,135,130,95,90,70
Regirock,#00377,"['Rock', nan]",Clear Body Sturdy,80,100,200,50,100,50
Regice,#00378,"['Ice', nan]",Clear Body Ice Body,80,50,100,100,200,50
Registeel,#00379,"['Steel', nan]",Clear Body Light Metal,80,75,150,75,150,50
Latias,#00380,"['Dragon', 'Psychic']",Levitate,80,80,90,110,130,110
Latios,#00381,"['Dragon', 'Psychic']",Levitate,80,90,80,130,110,110
Kyogre,#00382,"['Water', nan]",Drizzle,100,100,90,150,140,90
Groudon,#00383,"['Ground', nan]",Drought,100,150,140,100,90,90
Rayquaza,#00384,"['Dragon', 'Flying']",Air Lock,105,150,90,150,90,95
Jirachi,#00385,"['Steel', 'Psychic']",Serene Grace,100,100,100,100,100,100
Deoxys,#00386,"['Psychic', nan]",Pressure,50,150,50,150,50,150
Turtwig,#00387,"['Grass', nan]",Overgrow Shell Armor,55,68,64,45,55,31
Grotle,#00388,"['Grass', nan]",Overgrow Shell Armor,75,89,85,55,65,36
Torterra,#00389,"['Grass', 'Ground']",Overgrow Shell Armor,95,109,105,75,85,56
Chimchar,#00390,"['Fire', nan]",Blaze Iron Fist,44,58,44,58,44,61
Monferno,#00391,"['Fire', 'Fighting']",Blaze Iron Fist,64,78,52,78,52,81
Infernape,#00392,"['Fire', 'Fighting']",Blaze Iron Fist,76,104,71,104,71,108
Piplup,#00393,"['Water', nan]",Torrent Defiant,53,51,53,61,56,40
Prinplup,#00394,"['Water', nan]",Torrent Defiant,64,66,68,81,76,50
Empoleon,#00395,"['Water', 'Steel']",Torrent Defiant,84,86,88,111,101,60
Starly,#00396,"['Normal', 'Flying']",Keen Eye Reckless,40,55,30,30,30,60
Staravia,#00397,"['Normal', 'Flying']",Intimidate Reckless,55,75,50,40,40,80
Staraptor,#00398,"['Normal', 'Flying']",Intimidate Reckless,85,120,70,50,60,100
Bidoof,#00399,"['Normal', nan]",Simple Unaware Moody,59,45,40,35,40,31
Bibarel,#00400,"['Normal', 'Water']",Simple Unaware Moody,79,85,60,55,60,71
Kricketot,#00401,"['Bug', nan]",Shed Skin Run Away,37,25,41,25,41,25
Kricketune,#00402,"['Bug', nan]",Swarm Technician,77,85,51,55,51,65
Shinx,#00403,"['Electric', nan]",Rivalry Intimidate Guts,45,65,34,40,34,45
Luxio,#00404,"['Electric', nan]",Rivalry Intimidate Guts,60,85,49,60,49,60
Luxray,#00405,"['Electric', nan]",Rivalry Intimidate Guts,80,120,79,95,79,70
Budew,#00406,"['Grass', 'Poison']",Natural Cure Poison Point Leaf Guard,40,30,35,50,70,55
Roserade,#00407,"['Grass', 'Poison']",Natural Cure Poison Point Technician,60,70,65,125,105,90
Cranidos,#00408,"['Rock', nan]",Mold Breaker Sheer Force,67,125,40,30,30,58
Rampardos,#00409,"['Rock', nan]",Mold Breaker Sheer Force,97,165,60,65,50,58
Shieldon,#00410,"['Rock', 'Steel']",Sturdy Soundproof,30,42,118,42,88,30
Bastiodon,#00411,"['Rock', 'Steel']",Sturdy Soundproof,60,52,168,47,138,30
Burmy,#00412,"['Bug', nan]",Shed Skin Overcoat,40,29,45,29,45,36
Wormadam,#00413,"['Bug', 'Grass']",Anticipation Overcoat,60,59,85,79,105,36
Mothim,#00414,"['Bug', 'Flying']",Swarm Tinted Lens,70,94,50,94,50,66
Combee,#00415,"['Bug', 'Flying']",Honey Gather Hustle,30,30,42,30,42,70
Vespiquen,#00416,"['Bug', 'Flying']",Pressure Unnerve,70,80,102,80,102,40
Pachirisu,#00417,"['Electric', nan]",Run Away Pickup Volt Absorb,60,45,70,45,90,95
Buizel,#00418,"['Water', nan]",Swift Swim Water Veil,55,65,35,60,30,85
Floatzel,#00419,"['Water', nan]",Swift Swim Water Veil,85,105,55,85,50,115
Cherubi,#00420,"['Grass', nan]",Chlorophyll,45,35,45,62,53,35
Cherrim,#00421,"['Grass', nan]",Flower Gift,70,60,70,87,78,85
Shellos,#00422,"['Water', nan]",Sticky Hold Storm Drain Sand Force,76,48,48,57,62,34
Gastrodon,#00423,"['Water', 'Ground']",Sticky Hold Storm Drain Sand Force,111,83,68,92,82,39
Ambipom,#00424,"['Normal', nan]",Technician Pickup Skill Link,75,100,66,60,66,115
Drifloon,#00425,"['Ghost', 'Flying']",Aftermath Unburden Flare Boost,90,50,34,60,44,70
Drifblim,#00426,"['Ghost', 'Flying']",Aftermath Unburden Flare Boost,150,80,44,90,54,80
Buneary,#00427,"['Normal', nan]",Run Away Klutz Limber,55,66,44,44,56,85
Lopunny,#00428,"['Normal', nan]",Cute Charm Klutz Limber,65,76,84,54,96,105
Mismagius,#00429,"['Ghost', nan]",Levitate,60,60,60,105,105,105
Honchkrow,#00430,"['Dark', 'Flying']",Insomnia Super Luck Moxie,100,125,52,105,52,71
Glameow,#00431,"['Normal', nan]",Limber Own Tempo Keen Eye,49,55,42,42,37,85
Purugly,#00432,"['Normal', nan]",Thick Fat Own Tempo Defiant,71,82,64,64,59,112
Chingling,#00433,"['Psychic', nan]",Levitate,45,30,50,65,50,45
Stunky,#00434,"['Poison', 'Dark']",Stench Aftermath Keen Eye,63,63,47,41,41,74
Skuntank,#00435,"['Poison', 'Dark']",Stench Aftermath Keen Eye,103,93,67,71,61,84
Bronzor,#00436,"['Steel', 'Psychic']",Levitate Heatproof Heavy Metal,57,24,86,24,86,23
Bronzong,#00437,"['Steel', 'Psychic']",Levitate Heatproof Heavy Metal,67,89,116,79,116,33
Bonsly,#00438,"['Rock', nan]",Sturdy Rock Head Rattled,50,80,95,10,45,10
Mime Jr.,#00439,"['Psychic', 'Fairy']",Soundproof Filter Technician,20,25,45,70,90,60
Happiny,#00440,"['Normal', nan]",Natural Cure Serene Grace Friend Guard,100,5,5,15,65,30
Chatot,#00441,"['Normal', 'Flying']",Keen Eye Tangled Feet Big Pecks,76,65,45,92,42,91
Spiritomb,#00442,"['Ghost', 'Dark']",Pressure Infiltrator,50,92,108,92,108,35
Gible,#00443,"['Dragon', 'Ground']",Sand Veil Rough Skin,58,70,45,40,45,42
Gabite,#00444,"['Dragon', 'Ground']",Sand Veil Rough Skin,68,90,65,50,55,82
Garchomp,#00445,"['Dragon', 'Ground']",Sand Veil Rough Skin,108,130,95,80,85,102
Munchlax,#00446,"['Normal', nan]",Pickup Thick Fat Gluttony,135,85,40,40,85,5
Riolu,#00447,"['Fighting', nan]",Steadfast Inner Focus Prankster,40,70,40,35,40,60
Lucario,#00448,"['Fighting', 'Steel']",Steadfast Inner Focus Justified,70,110,70,115,70,90
Hippopotas,#00449,"['Ground', nan]",Sand Stream Sand Force,68,72,78,38,42,32
Hippowdon,#00450,"['Ground', nan]",Sand Stream Sand Force,108,112,118,68,72,47
Skorupi,#00451,"['Poison', 'Bug']",Battle Armor Sniper Keen Eye,40,50,90,30,55,65
Drapion,#00452,"['Poison', 'Dark']",Battle Armor Sniper Keen Eye,70,90,110,60,75,95
Croagunk,#00453,"['Poison', 'Fighting']",Anticipation Dry Skin Poison Touch,48,61,40,61,40,50
Toxicroak,#00454,"['Poison', 'Fighting']",Anticipation Dry Skin Poison Touch,83,106,65,86,65,85
Carnivine,#00455,"['Grass', nan]",Levitate,74,100,72,90,72,46
Finneon,#00456,"['Water', nan]",Swift Swim Storm Drain Water Veil,49,49,56,49,61,66
Lumineon,#00457,"['Water', nan]",Swift Swim Storm Drain Water Veil,69,69,76,69,86,91
Mantyke,#00458,"['Water', 'Flying']",Swift Swim Water Absorb Water Veil,45,20,50,60,120,50
Snover,#00459,"['Grass', 'Ice']",Snow Warning Soundproof,60,62,50,62,60,40
Abomasnow,#00460,"['Grass', 'Ice']",Snow Warning Soundproof,90,92,75,92,85,60
Weavile,#00461,"['Dark', 'Ice']",Pressure Pickpocket,70,120,65,45,85,125
Magnezone,#00462,"['Electric', 'Steel']",Magnet Pull Sturdy Analytic,70,70,115,130,90,60
Lickilicky,#00463,"['Normal', nan]",Own Tempo Oblivious Cloud Nine,110,85,95,80,95,50
Rhyperior,#00464,"['Ground', 'Rock']",Lightning Rod Solid Rock Reckless,115,140,130,55,55,40
Tangrowth,#00465,"['Grass', nan]",Chlorophyll Leaf Guard Regenerator,100,100,125,110,50,50
Electivire,#00466,"['Electric', nan]",Motor Drive Vital Spirit,75,123,67,95,85,95
Magmortar,#00467,"['Fire', nan]",Flame Body Vital Spirit,75,95,67,125,95,83
Togekiss,#00468,"['Fairy', 'Flying']",Hustle Serene Grace Super Luck,85,50,95,120,115,80
Yanmega,#00469,"['Bug', 'Flying']",Speed Boost Tinted Lens Frisk,86,76,86,116,56,95
Leafeon,#00470,"['Grass', nan]",Leaf Guard Chlorophyll,65,110,130,60,65,95
Glaceon,#00471,"['Ice', nan]",Snow Cloak Ice Body,65,60,110,130,95,65
Gliscor,#00472,"['Ground', 'Flying']",Hyper Cutter Sand Veil Poison Heal,75,95,125,45,75,95
Mamoswine,#00473,"['Ice', 'Ground']",Oblivious Snow Cloak Thick Fat,110,130,80,70,60,80
Porygon-Z,#00474,"['Normal', nan]",Adaptability Download Analytic,85,80,70,135,75,90
Gallade,#00475,"['Psychic', 'Fighting']",Steadfast Justified,68,125,65,65,115,80
Probopass,#00476,"['Rock', 'Steel']",Sturdy Magnet Pull Sand Force,60,55,145,75,150,40
Dusknoir,#00477,"['Ghost', nan]",Pressure Frisk,45,100,135,65,135,45
Froslass,#00478,"['Ice', 'Ghost']",Snow Cloak Cursed Body,70,80,70,80,70,110
Rotom,#00479,"['Electric', 'Ghost']",Levitate,50,50,77,95,77,91
Uxie,#00480,"['Psychic', nan]",Levitate,75,75,130,75,130,95
Mesprit,#00481,"['Psychic', nan]",Levitate,80,105,105,105,105,80
Azelf,#00482,"['Psychic', nan]",Levitate,75,125,70,125,70,115
Dialga,#00483,"['Steel', 'Dragon']",Pressure Telepathy,100,120,120,150,100,90
Palkia,#00484,"['Water', 'Dragon']",Pressure Telepathy,90,120,100,150,120,100
Heatran,#00485,"['Fire', 'Steel']",Flash Fire Flame Body,91,90,106,130,106,77
Regigigas,#00486,"['Normal', nan]",Slow Start,110,160,110,80,110,100
Giratina,#00487,"['Ghost', 'Dragon']",Pressure Telepathy,150,100,120,100,120,90
Cresselia,#00488,"['Psychic', nan]",Levitate,120,70,110,75,120,85
Phione,#00489,"['Water', nan]",Hydration,80,80,80,80,80,80
Manaphy,#00490,"['Water', nan]",Hydration,100,100,100,100,100,100
Darkrai,#00491,"['Dark', nan]",Bad Dreams,70,90,90,135,90,125
Shaymin,#00492,"['Grass', nan]",Natural Cure,100,100,100,100,100,100
Arceus,#00493,"['Normal', nan]",Multitype,120,120,120,120,120,120
Victini,#00494,"['Psychic', 'Fire']",Victory Star,100,100,100,100,100,100
Snivy,#00495,"['Grass', nan]",Overgrow Contrary,45,45,55,45,55,63
Servine,#00496,"['Grass', nan]",Overgrow Contrary,60,60,75,60,75,83
Serperior,#00497,"['Grass', nan]",Overgrow Contrary,75,75,95,75,95,113
Tepig,#00498,"['Fire', nan]",Blaze Thick Fat,65,63,45,45,45,45
Pignite,#00499,"['Fire', 'Fighting']",Blaze Thick Fat,90,93,55,70,55,55
Emboar,#00500,"['Fire', 'Fighting']",Blaze Reckless,110,123,65,100,65,65
Oshawott,#00501,"['Water', nan]",Torrent Shell Armor,55,55,45,63,45,45
Dewott,#00502,"['Water', nan]",Torrent Shell Armor,75,75,60,83,60,60
Samurott,#00503,"['Water', nan]",Torrent Shell Armor,95,100,85,108,70,70
Patrat,#00504,"['Normal', nan]",Run Away Keen Eye Analytic,45,55,39,35,39,42
Watchog,#00505,"['Normal', nan]",Illuminate Keen Eye Analytic,60,85,69,60,69,77
Lillipup,#00506,"['Normal', nan]",Vital Spirit Pickup Run Away,45,60,45,25,45,55
Herdier,#00507,"['Normal', nan]",Intimidate Sand Rush Scrappy,65,80,65,35,65,60
Stoutland,#00508,"['Normal', nan]",Intimidate Sand Rush Scrappy,85,110,90,45,90,80
Purrloin,#00509,"['Dark', nan]",Limber Unburden Prankster,41,50,37,50,37,66
Liepard,#00510,"['Dark', nan]",Limber Unburden Prankster,64,88,50,88,50,106
Pansage,#00511,"['Grass', nan]",Gluttony Overgrow,50,53,48,53,48,64
Simisage,#00512,"['Grass', nan]",Gluttony Overgrow,75,98,63,98,63,101
Pansear,#00513,"['Fire', nan]",Gluttony Blaze,50,53,48,53,48,64
Simisear,#00514,"['Fire', nan]",Gluttony Blaze,75,98,63,98,63,101
Panpour,#00515,"['Water', nan]",Gluttony Torrent,50,53,48,53,48,64
Simipour,#00516,"['Water', nan]",Gluttony Torrent,75,98,63,98,63,101
Munna,#00517,"['Psychic', nan]",Forewarn Synchronize Telepathy,76,25,45,67,55,24
Musharna,#00518,"['Psychic', nan]",Forewarn Synchronize Telepathy,116,55,85,107,95,29
Pidove,#00519,"['Normal', 'Flying']",Big Pecks Super Luck Rivalry,50,55,50,36,30,43
Tranquill,#00520,"['Normal', 'Flying']",Big Pecks Super Luck Rivalry,62,77,62,50,42,65
Unfezant,#00521,"['Normal', 'Flying']",Big Pecks Super Luck Rivalry,80,115,80,65,55,93
Blitzle,#00522,"['Electric', nan]",Lightning Rod Motor Drive Sap Sipper,45,60,32,50,32,76
Zebstrika,#00523,"['Electric', nan]",Lightning Rod Motor Drive Sap Sipper,75,100,63,80,63,116
Roggenrola,#00524,"['Rock', nan]",Sturdy Weak Armor Sand Force,55,75,85,25,25,15
Boldore,#00525,"['Rock', nan]",Sturdy Weak Armor Sand Force,70,105,105,50,40,20
Gigalith,#00526,"['Rock', nan]",Sturdy Sand Stream Sand Force,85,135,130,60,80,25
Woobat,#00527,"['Psychic', 'Flying']",Unaware Klutz Simple,65,45,43,55,43,72
Swoobat,#00528,"['Psychic', 'Flying']",Unaware Klutz Simple,67,57,55,77,55,114
Drilbur,#00529,"['Ground', nan]",Sand Rush Sand Force Mold Breaker,60,85,40,30,45,68
Excadrill,#00530,"['Ground', 'Steel']",Sand Rush Sand Force Mold Breaker,110,135,60,50,65,88
Audino,#00531,"['Normal', nan]",Healer Regenerator Klutz,103,60,86,60,86,50
Timburr,#00532,"['Fighting', nan]",Guts Sheer Force Iron Fist,75,80,55,25,35,35
Gurdurr,#00533,"['Fighting', nan]",Guts Sheer Force Iron Fist,85,105,85,40,50,40
Conkeldurr,#00534,"['Fighting', nan]",Guts Sheer Force Iron Fist,105,140,95,55,65,45
Tympole,#00535,"['Water', nan]",Swift Swim Hydration Water Absorb,50,50,40,50,40,64
Palpitoad,#00536,"['Water', 'Ground']",Swift Swim Hydration Water Absorb,75,65,55,65,55,69
Seismitoad,#00537,"['Water', 'Ground']",Swift Swim Poison Touch Water Absorb,105,95,75,85,75,74
Throh,#00538,"['Fighting', nan]",Guts Inner Focus Mold Breaker,120,100,85,30,85,45
Sawk,#00539,"['Fighting', nan]",Sturdy Inner Focus Mold Breaker,75,125,75,30,75,85
Sewaddle,#00540,"['Bug', 'Grass']",Swarm Chlorophyll Overcoat,45,53,70,40,60,42
Swadloon,#00541,"['Bug', 'Grass']",Leaf Guard Chlorophyll Overcoat,55,63,90,50,80,42
Leavanny,#00542,"['Bug', 'Grass']",Swarm Chlorophyll Overcoat,75,103,80,70,80,92
Venipede,#00543,"['Bug', 'Poison']",Poison Point Swarm Speed Boost,30,45,59,30,39,57
Whirlipede,#00544,"['Bug', 'Poison']",Poison Point Swarm Speed Boost,40,55,99,40,79,47
Scolipede,#00545,"['Bug', 'Poison']",Poison Point Swarm Speed Boost,60,100,89,55,69,112
Cottonee,#00546,"['Grass', 'Fairy']",Prankster Infiltrator Chlorophyll,40,27,60,37,50,66
Whimsicott,#00547,"['Grass', 'Fairy']",Prankster Infiltrator Chlorophyll,60,67,85,77,75,116
Petilil,#00548,"['Grass', nan]",Chlorophyll Own Tempo Leaf Guard,45,35,50,70,50,30
Lilligant,#00549,"['Grass', nan]",Chlorophyll Own Tempo Leaf Guard,70,60,75,110,75,90
Basculin,#00550,"['Water', nan]",Reckless Adaptability Mold Breaker,70,92,65,80,55,98
Sandile,#00551,"['Ground', 'Dark']",Intimidate Moxie Anger Point,50,72,35,35,35,65
Krokorok,#00552,"['Ground', 'Dark']",Intimidate Moxie Anger Point,60,82,45,45,45,74
Krookodile,#00553,"['Ground', 'Dark']",Intimidate Moxie Anger Point,95,117,80,65,70,92
Darumaka,#00554,"['Fire', nan]",Hustle Inner Focus,70,90,45,15,45,50
Darmanitan,#00555,"['Fire', nan]",Sheer Force Zen Mode,105,140,55,30,55,95
Maractus,#00556,"['Grass', nan]",Water Absorb Chlorophyll Storm Drain,75,86,67,106,67,60
Dwebble,#00557,"['Bug', 'Rock']",Sturdy Shell Armor Weak Armor,50,65,85,35,35,55
Crustle,#00558,"['Bug', 'Rock']",Sturdy Shell Armor Weak Armor,70,105,125,65,75,45
Scraggy,#00559,"['Dark', 'Fighting']",Shed Skin Moxie Intimidate,50,75,70,35,70,48
Scrafty,#00560,"['Dark', 'Fighting']",Shed Skin Moxie Intimidate,65,90,115,45,115,58
Sigilyph,#00561,"['Psychic', 'Flying']",Wonder Skin  Magic Guard Tinted Lens,72,58,80,103,80,97
Yamask,#00562,"['Ghost', nan]",Mummy,38,30,85,55,65,30
Cofagrigus,#00563,"['Ghost', nan]",Mummy,58,50,145,95,105,30
Tirtouga,#00564,"['Water', 'Rock']",Solid Rock Sturdy Swift Swim,54,78,103,53,45,22
Carracosta,#00565,"['Water', 'Rock']",Solid Rock Sturdy Swift Swim,74,108,133,83,65,32
Archen,#00566,"['Rock', 'Flying']",Defeatist,55,112,45,74,45,70
Archeops,#00567,"['Rock', 'Flying']",Defeatist,75,140,65,112,65,110
Trubbish,#00568,"['Poison', nan]",Stench Sticky Hold Aftermath,50,50,62,40,62,65
Garbodor,#00569,"['Poison', nan]",Stench Weak Armor Aftermath,80,95,82,60,82,75
Zorua,#00570,"['Dark', nan]",Illusion,40,65,40,80,40,65
Zoroark,#00571,"['Dark', nan]",Illusion,60,105,60,120,60,105
Minccino,#00572,"['Normal', nan]",Cute Charm Technician Skill Link,55,50,40,40,40,75
Cinccino,#00573,"['Normal', nan]",Cute Charm Technician Skill Link,75,95,60,65,60,115
Gothita,#00574,"['Psychic', nan]",Frisk Competitive Shadow Tag,45,30,50,55,65,45
Gothorita,#00575,"['Psychic', nan]",Frisk Competitive Shadow Tag,60,45,70,75,85,55
Gothitelle,#00576,"['Psychic', nan]",Frisk Competitive Shadow Tag,70,55,95,95,110,65
Solosis,#00577,"['Psychic', nan]",Overcoat Magic Guard Regenerator,45,30,40,105,50,20
Duosion,#00578,"['Psychic', nan]",Overcoat Magic Guard Regenerator,65,40,50,125,60,30
Reuniclus,#00579,"['Psychic', nan]",Overcoat Magic Guard Regenerator,110,65,75,125,85,30
Ducklett,#00580,"['Water', 'Flying']",Keen Eye Big Pecks Hydration,62,44,50,44,50,55
Swanna,#00581,"['Water', 'Flying']",Keen Eye Big Pecks Hydration,75,87,63,87,63,98
Vanillite,#00582,"['Ice', nan]",Ice Body Snow Cloak Weak Armor,36,50,50,65,60,44
Vanillish,#00583,"['Ice', nan]",Ice Body Snow Cloak Weak Armor,51,65,65,80,75,59
Vanilluxe,#00584,"['Ice', nan]",Ice Body Snow Warning Weak Armor,71,95,85,110,95,79
Deerling,#00585,"['Normal', 'Grass']",Chlorophyll Sap Sipper Serene Grace,60,60,50,40,50,75
Sawsbuck,#00586,"['Normal', 'Grass']",Chlorophyll Sap Sipper Serene Grace,80,100,70,60,70,95
Emolga,#00587,"['Electric', 'Flying']",Static Motor Drive,55,75,60,75,60,103
Karrablast,#00588,"['Bug', nan]",Swarm Shed Skin No Guard,50,75,45,40,45,60
Escavalier,#00589,"['Bug', 'Steel']",Swarm Shell Armor Overcoat,70,135,105,60,105,20
Foongus,#00590,"['Grass', 'Poison']",Effect Spore Regenerator,69,55,45,55,55,15
Amoonguss,#00591,"['Grass', 'Poison']",Effect Spore Regenerator,114,85,70,85,80,30
Frillish,#00592,"['Water', 'Ghost']",Water Absorb Cursed Body Damp,55,40,50,65,85,40
Jellicent,#00593,"['Water', 'Ghost']",Water Absorb Cursed Body Damp,100,60,70,85,105,60
Alomomola,#00594,"['Water', nan]",Healer Hydration Regenerator,165,75,80,40,45,65
Joltik,#00595,"['Bug', 'Electric']",Compoundeyes Unnerve Swarm,50,47,50,57,50,65
Galvantula,#00596,"['Bug', 'Electric']",Compoundeyes Unnerve Swarm,70,77,60,97,60,108
Ferroseed,#00597,"['Grass', 'Steel']",Iron Barbs,44,50,91,24,86,10
Ferrothorn,#00598,"['Grass', 'Steel']",Iron Barbs Anticipation,74,94,131,54,116,20
Klink,#00599,"['Steel', nan]",Plus Minus Clear Body,40,55,70,45,60,30
Klang,#00600,"['Steel', nan]",Plus Minus Clear Body,60,80,95,70,85,50
Klinklang,#00601,"['Steel', nan]",Plus Minus Clear Body,60,100,115,70,85,90
Tynamo,#00602,"['Electric', nan]",Levitate,35,55,40,45,40,60
Eelektrik,#00603,"['Electric', nan]",Levitate,65,85,70,75,70,40
Eelektross,#00604,"['Electric', nan]",Levitate,85,115,80,105,80,50
Elgyem,#00605,"['Psychic', nan]",Telepathy Synchronize Analytic,55,55,55,85,55,30
Beheeyem,#00606,"['Psychic', nan]",Telepathy Synchronize Analytic,75,75,75,125,95,40
Litwick,#00607,"['Ghost', 'Fire']",Flash Fire Flame Body Infiltrator,50,30,55,65,55,20
Lampent,#00608,"['Ghost', 'Fire']",Flash Fire Flame Body Infiltrator,60,40,60,95,60,55
Chandelure,#00609,"['Ghost', 'Fire']",Flash Fire Flame Body Infiltrator,60,55,90,145,90,80
Axew,#00610,"['Dragon', nan]",Rivalry Mold Breaker Unnerve,46,87,60,30,40,57
Fraxure,#00611,"['Dragon', nan]",Rivalry Mold Breaker Unnerve,66,117,70,40,50,67
Haxorus,#00612,"['Dragon', nan]",Rivalry Mold Breaker Unnerve,76,147,90,60,70,97
Cubchoo,#00613,"['Ice', nan]",Snow Cloak Slush Rush Rattled,55,70,40,60,40,40
Beartic,#00614,"['Ice', nan]",Snow Cloak Slush Rush Swift Swim,95,130,80,70,80,50
Cryogonal,#00615,"['Ice', nan]",Levitate,80,50,50,95,135,105
Shelmet,#00616,"['Bug', nan]",Hydration Shell Armor Overcoat,50,40,85,40,65,25
Accelgor,#00617,"['Bug', nan]",Hydration Sticky Hold Unburden,80,70,40,100,60,145
Stunfisk,#00618,"['Ground', 'Electric']",Static Limber Sand Veil,109,66,84,81,99,32
Mienfoo,#00619,"['Fighting', nan]",Inner Focus Regenerator Reckless,45,85,50,55,50,65
Mienshao,#00620,"['Fighting', nan]",Inner Focus Regenerator Reckless,65,125,60,95,60,105
Druddigon,#00621,"['Dragon', nan]",Rough Skin Sheer Force Mold Breaker,77,120,90,60,90,48
Golett,#00622,"['Ground', 'Ghost']",Iron Fist Klutz No Guard,59,74,50,35,50,35
Golurk,#00623,"['Ground', 'Ghost']",Iron Fist Klutz No Guard,89,124,80,55,80,55
Pawniard,#00624,"['Dark', 'Steel']",Defiant Inner Focus Pressure,45,85,70,40,40,60
Bisharp,#00625,"['Dark', 'Steel']",Defiant Inner Focus Pressure,65,125,100,60,70,70
Bouffalant,#00626,"['Normal', nan]",Reckless Sap Sipper Soundproof,95,110,95,40,95,55
Rufflet,#00627,"['Normal', 'Flying']",Keen Eye Sheer Force Hustle,70,83,50,37,50,60
Braviary,#00628,"['Normal', 'Flying']",Keen Eye Sheer Force Defiant,100,123,75,57,75,80
Vullaby,#00629,"['Dark', 'Flying']",Big Pecks Overcoat Weak Armor,70,55,75,45,65,60
Mandibuzz,#00630,"['Dark', 'Flying']",Big Pecks Overcoat Weak Armor,110,65,105,55,95,80
Heatmor,#00631,"['Fire', nan]",Gluttony Flash Fire White Smoke,85,97,66,105,66,65
Durant,#00632,"['Bug', 'Steel']",Swarm Hustle Truant,58,109,112,48,48,109
Deino,#00633,"['Dark', 'Dragon']",Hustle,52,65,50,45,50,38
Zweilous,#00634,"['Dark', 'Dragon']",Hustle,72,85,70,65,70,58
Hydreigon,#00635,"['Dark', 'Dragon']",Levitate,92,105,90,125,90,98
Larvesta,#00636,"['Bug', 'Fire']",Flame Body Swarm,55,85,55,50,55,60
Volcarona,#00637,"['Bug', 'Fire']",Flame Body Swarm,85,60,65,135,105,100
Cobalion,#00638,"['Steel', 'Fighting']",Justified,91,90,129,90,72,108
Terrakion,#00639,"['Rock', 'Fighting']",Justified,91,129,90,72,90,108
Virizion,#00640,"['Grass', 'Fighting']",Justified,91,90,72,90,129,108
Tornadus,#00641,"['Flying', nan]",Prankster Defiant,79,115,70,125,80,111
Thundurus,#00642,"['Electric', 'Flying']",Prankster Defiant,79,115,70,125,80,111
Reshiram,#00643,"['Dragon', 'Fire']",Turboblaze,100,120,100,150,120,90
Zekrom,#00644,"['Dragon', 'Electric']",Teravolt,100,150,120,120,100,90
Landorus,#00645,"['Ground', 'Flying']",Sand Force Sheer Force,89,125,90,115,80,101
Kyurem,#00646,"['Dragon', 'Ice']",Pressure,125,130,90,130,90,95
Keldeo,#00647,"['Water', 'Fighting']",Justified,91,72,90,129,90,108
Meloetta,#00648,"['Normal', 'Psychic']",Serene Grace,100,77,77,128,128,90
Genesect,#00649,"['Bug', 'Steel']",Download,71,120,95,120,95,99
Chespin,#00650,"['Grass', nan]",Overgrow Bulletproof,56,61,65,48,45,38
Quilladin,#00651,"['Grass', nan]",Overgrow Bulletproof,61,78,95,56,58,57
Chesnaught,#00652,"['Grass', 'Fighting']",Overgrow Bulletproof,88,107,122,74,75,64
Fennekin,#00653,"['Fire', nan]",Blaze Magician,40,45,40,62,60,60
Braixen,#00654,"['Fire', nan]",Blaze Magician,59,59,58,90,70,73
Delphox,#00655,"['Fire', 'Psychic']",Blaze Magician,75,69,72,114,100,104
Froakie,#00656,"['Water', nan]",Torrent Protean,41,56,40,62,44,71
Frogadier,#00657,"['Water', nan]",Torrent Protean,54,63,52,83,56,97
Greninja,#00658,"['Water', 'Dark']",Torrent Protean,72,95,67,103,71,122
Bunnelby,#00659,"['Normal', nan]",Pickup Cheek Pouch Huge Power,38,36,38,32,36,57
Diggersby,#00660,"['Normal', 'Ground']",Pickup Cheek Pouch Huge Power,85,56,77,50,77,78
Fletchling,#00661,"['Normal', 'Flying']",Big Pecks Gale Wings,45,50,43,40,38,62
Fletchinder,#00662,"['Fire', 'Flying']",Flame Body Gale Wings,62,73,55,56,52,84
Talonflame,#00663,"['Fire', 'Flying']",Flame Body Gale Wings,78,81,71,74,69,126
Scatterbug,#00664,"['Bug', nan]",Shield Dust Compoundeyes Friend Guard,38,35,40,27,25,35
Spewpa,#00665,"['Bug', nan]",Shed Skin Friend Guard,45,22,60,27,30,29
Vivillon,#00666,"['Bug', 'Flying']",Shield Dust Compoundeyes Friend Guard,80,52,50,90,50,89
Litleo,#00667,"['Fire', 'Normal']",Rivalry Unnerve Moxie,62,50,58,73,54,72
Pyroar,#00668,"['Fire', 'Normal']",Rivalry Unnerve Moxie,86,68,72,109,66,106
Flabébé,#00669,"['Fairy', nan]",Flower Veil Symbiosis,44,38,39,61,79,42
Floette,#00670,"['Fairy', nan]",Flower Veil Symbiosis,54,45,47,75,98,52
Florges,#00671,"['Fairy', nan]",Flower Veil Symbiosis,78,65,68,112,154,75
Skiddo,#00672,"['Grass', nan]",Sap Sipper Grass Pelt,66,65,48,62,57,52
Gogoat,#00673,"['Grass', nan]",Sap Sipper Grass Pelt,123,100,62,97,81,68
Pancham,#00674,"['Fighting', nan]",Iron Fist Mold Breaker Scrappy,67,82,62,46,48,43
Pangoro,#00675,"['Fighting', 'Dark']",Iron Fist Mold Breaker Scrappy,95,124,78,69,71,58
Furfrou,#00676,"['Normal', nan]",Fur Coat,75,80,60,65,90,102
Espurr,#00677,"['Psychic', nan]",Keen Eye Infiltrator Own Tempo,62,48,54,63,60,68
Meowstic,#00678,"['Psychic', nan]",Keen Eye Infiltrator Prankster,74,48,76,83,81,104
Honedge,#00679,"['Steel', 'Ghost']",No Guard,45,80,100,35,37,28
Doublade,#00680,"['Steel', 'Ghost']",No Guard,59,110,150,45,49,35
Aegislash,#00681,"['Steel', 'Ghost']",Stance Change,60,50,140,50,140,60
Spritzee,#00682,"['Fairy', nan]",Healer Aroma Veil,78,52,60,63,65,23
Aromatisse,#00683,"['Fairy', nan]",Healer Aroma Veil,101,72,72,99,89,29
Swirlix,#00684,"['Fairy', nan]",Sweet Veil Unburden,62,48,66,59,57,49
Slurpuff,#00685,"['Fairy', nan]",Sweet Veil Unburden,82,80,86,85,75,72
Inkay,#00686,"['Dark', 'Psychic']",Contrary Suction Cups Infiltrator,53,54,53,37,46,45
Malamar,#00687,"['Dark', 'Psychic']",Contrary Suction Cups Infiltrator,86,92,88,68,75,73
Binacle,#00688,"['Rock', 'Water']",Tough Claws Sniper Pickpocket,42,52,67,39,56,50
Barbaracle,#00689,"['Rock', 'Water']",Tough Claws Sniper Pickpocket,72,105,115,54,86,68
Skrelp,#00690,"['Poison', 'Water']",Poison Point Poison Touch Adaptability,50,60,60,60,60,30
Dragalge,#00691,"['Poison', 'Dragon']",Poison Point Poison Touch Adaptability,65,75,90,97,123,44
Clauncher,#00692,"['Water', nan]",Mega Launcher,50,53,62,58,63,44
Clawitzer,#00693,"['Water', nan]",Mega Launcher,71,73,88,120,89,59
Helioptile,#00694,"['Electric', 'Normal']",Dry Skin Sand Veil Solar Power,44,38,33,61,43,70
Heliolisk,#00695,"['Electric', 'Normal']",Dry Skin Sand Veil Solar Power,62,55,52,109,94,109
Tyrunt,#00696,"['Rock', 'Dragon']",Strong Jaw Sturdy,58,89,77,45,45,48
Tyrantrum,#00697,"['Rock', 'Dragon']",Strong Jaw Rock Head,82,121,119,69,59,71
Amaura,#00698,"['Rock', 'Ice']",Refrigerate Snow Warning,77,59,50,67,63,46
Aurorus,#00699,"['Rock', 'Ice']",Refrigerate Snow Warning,123,77,72,99,92,58
Sylveon,#00700,"['Fairy', nan]",Cute Charm Pixilate,95,65,65,110,130,60
Hawlucha,#00701,"['Fighting', 'Flying']",Limber Unburden Mold Breaker,78,92,75,74,63,118
Dedenne,#00702,"['Electric', 'Fairy']",Cheek Pouch Pickup Plus,67,58,57,81,67,101
Carbink,#00703,"['Rock', 'Fairy']",Clear Body Sturdy,50,50,150,50,150,50
Goomy,#00704,"['Dragon', nan]",Sap Sipper Hydration Gooey,45,50,35,55,75,40
Sliggoo,#00705,"['Dragon', nan]",Sap Sipper Hydration Gooey,68,75,53,83,113,60
Goodra,#00706,"['Dragon', nan]",Sap Sipper Hydration Gooey,90,100,70,110,150,80
Klefki,#00707,"['Steel', 'Fairy']",Prankster Magician,57,80,91,80,87,75
Phantump,#00708,"['Ghost', 'Grass']",Natural Cure Frisk Harvest,43,70,48,50,60,38
Trevenant,#00709,"['Ghost', 'Grass']",Natural Cure Frisk Harvest,85,110,76,65,82,56
Pumpkaboo,#00710,"['Ghost', 'Grass']",Pickup Frisk Insomnia,49,66,70,44,55,51
Gourgeist,#00711,"['Ghost', 'Grass']",Pickup Frisk Insomnia,65,90,122,58,75,84
Bergmite,#00712,"['Ice', nan]",Own Tempo Ice Body Sturdy,55,69,85,32,35,28
Avalugg,#00713,"['Ice', nan]",Own Tempo Ice Body Sturdy,95,117,184,44,46,28
Noibat,#00714,"['Flying', 'Dragon']",Frisk Infiltrator Telepathy,40,30,35,45,40,55
Noivern,#00715,"['Flying', 'Dragon']",Frisk Infiltrator Telepathy,85,70,80,97,80,123
Xerneas,#00716,"['Fairy', nan]",Fairy Aura,126,131,95,131,98,99
Yveltal,#00717,"['Dark', 'Flying']",Dark Aura,126,131,95,131,98,99
Zygarde,#00718,"['Dragon', 'Ground']",Aura Break,108,100,121,81,95,95
Diancie,#00719,"['Rock', 'Fairy']",Clear Body,50,100,150,100,150,50
Hoopa,#00720,"['Psychic', 'Ghost']",Magician,80,110,60,150,130,70
Volcanion,#00721,"['Fire', 'Water']",Water Absorb,80,110,120,130,90,70
Rowlet,#00722,"['Grass', 'Flying']",Overgrow Long Reach,68,55,55,50,50,42
Dartrix,#00723,"['Grass', 'Flying']",Overgrow Long Reach,78,75,75,70,70,52
Decidueye,#00724,"['Grass', 'Ghost']",Overgrow Long Reach,78,107,75,100,100,70
Litten,#00725,"['Fire', nan]",Blaze Intimidate,45,65,40,60,40,70
Torracat,#00726,"['Fire', nan]",Blaze Intimidate,65,85,50,80,50,90
Incineroar,#00727,"['Fire', 'Dark']",Blaze Intimidate,95,115,90,80,90,60
Popplio,#00728,"['Water', nan]",Torrent Liquid Voice,50,54,54,66,56,40
Brionne,#00729,"['Water', nan]",Torrent Liquid Voice,60,69,69,91,81,50
Primarina,#00730,"['Water', 'Fairy']",Torrent Liquid Voice,80,74,74,126,116,60
Pikipek,#00731,"['Normal', 'Flying']",Keen Eye Skill Link Pickup,35,75,30,30,30,65
Trumbeak,#00732,"['Normal', 'Flying']",Keen Eye Skill Link Pickup,55,85,50,40,50,75
Toucannon,#00733,"['Normal', 'Flying']",Keen Eye Skill Link Sheer Force,80,120,75,75,75,60
Yungoos,#00734,"['Normal', nan]",Stakeout Strong Jaw Adaptability,48,70,30,30,30,45
Gumshoos,#00735,"['Normal', nan]",Stakeout Strong Jaw Adaptability,88,110,60,55,60,45
Grubbin,#00736,"['Bug', nan]",Swarm,47,62,45,55,45,46
Charjabug,#00737,"['Bug', 'Electric']",Battery,57,82,95,55,75,36
Vikavolt,#00738,"['Bug', 'Electric']",Levitate,77,70,90,145,75,43
Crabrawler,#00739,"['Fighting', nan]",Hyper Cutter Iron Fist Anger Point,47,82,57,42,47,63
Crabominable,#00740,"['Fighting', 'Ice']",Hyper Cutter Iron Fist Anger Point,97,132,77,62,67,43
Oricorio,#00741,"['Fire', 'Flying']",Dancer,75,70,70,98,70,93
Cutiefly,#00742,"['Bug', 'Fairy']",Honey Gather Shield Dust Sweet Veil,40,45,40,55,40,84
Ribombee,#00743,"['Bug', 'Fairy']",Honey Gather Shield Dust Sweet Veil,60,55,60,95,70,124
Rockruff,#00744,"['Rock', nan]",Keen Eye Vital Spirit Steadfast,45,65,40,30,40,60
Lycanroc,#00745,"['Rock', nan]",Keen Eye Sand Rush Steadfast,75,115,65,55,65,112
Wishiwashi,#00746,"['Water', nan]",Schooling,45,20,20,25,25,40
Mareanie,#00747,"['Poison', 'Water']",Merciless Limber Regenerator,50,53,62,43,52,45
Toxapex,#00748,"['Poison', 'Water']",Merciless Limber Regenerator,50,63,152,53,142,35
Mudbray,#00749,"['Ground', nan]",Own Tempo Stamina Inner Focus,70,100,70,45,55,45
Mudsdale,#00750,"['Ground', nan]",Own Tempo Stamina Inner Focus,100,125,100,55,85,35
Dewpider,#00751,"['Water', 'Bug']",Water Bubble Water Absorb,38,40,52,40,72,27
Araquanid,#00752,"['Water', 'Bug']",Water Bubble Water Absorb,68,70,92,50,132,42
Fomantis,#00753,"['Grass', nan]",Leaf Guard Contrary,40,55,35,50,35,35
Lurantis,#00754,"['Grass', nan]",Leaf Guard Contrary,70,105,90,80,90,45
Morelull,#00755,"['Grass', 'Fairy']",Illuminate Effect Spore Rain Dish,40,35,55,65,75,15
Shiinotic,#00756,"['Grass', 'Fairy']",Illuminate Effect Spore Rain Dish,60,45,80,90,100,30
Salandit,#00757,"['Poison', 'Fire']",Corrosion Oblivious,48,44,40,71,40,77
Salazzle,#00758,"['Poison', 'Fire']",Corrosion Oblivious,68,64,60,111,60,117
Stufful,#00759,"['Normal', 'Fighting']",Fluffy Klutz Cute Charm,70,75,50,45,50,50
Bewear,#00760,"['Normal', 'Fighting']",Fluffy Klutz Unnerve,120,125,80,55,60,60
Bounsweet,#00761,"['Grass', nan]",Leaf Guard Oblivious Sweet Veil,42,30,38,30,38,32
Steenee,#00762,"['Grass', nan]",Leaf Guard Oblivious Sweet Veil,52,40,48,40,48,62
Tsareena,#00763,"['Grass', nan]",Leaf Guard Queenly Majesty Sweet Veil,72,120,98,50,98,72
Comfey,#00764,"['Fairy', nan]",Flower Veil Triage Natural Cure,51,52,90,82,110,100
Oranguru,#00765,"['Normal', 'Psychic']",Inner Focus Telepathy Symbiosis,90,60,80,90,110,60
Passimian,#00766,"['Fighting', nan]",Receiver Defiant,100,120,90,40,60,80
Wimpod,#00767,"['Bug', 'Water']",Wimp Out,25,35,40,20,30,80
Golisopod,#00768,"['Bug', 'Water']",Emergency Exit,75,125,140,60,90,40
Sandygast,#00769,"['Ghost', 'Ground']",Water Compaction Sand Veil,55,55,80,70,45,15
Palossand,#00770,"['Ghost', 'Ground']",Water Compaction Sand Veil,85,75,110,100,75,35
Pyukumuku,#00771,"['Water', nan]",Innards Out Unaware,55,60,130,30,130,5
Type: Null,#00772,"['Normal', nan]",Battle Armor,95,95,95,95,95,59
Silvally,#00773,"['Normal', nan]",RKS System,95,95,95,95,95,95
Minior,#00774,"['Rock', 'Flying']",Shields Down,60,60,100,60,100,60
Komala,#00775,"['Normal', nan]",Comatose,65,115,65,75,95,65
Turtonator,#00776,"['Fire', 'Dragon']",Shell Armor,60,78,135,91,85,36
Togedemaru,#00777,"['Electric', 'Steel']",Iron Barbs Lightning Rod Sturdy,65,98,63,40,73,96
Mimikyu,#00778,"['Ghost', 'Fairy']",Disguise,55,90,80,50,105,96
Bruxish,#00779,"['Water', 'Psychic']",Dazzling Strong Jaw Wonder Skin,68,105,70,70,70,92
Drampa,#00780,"['Normal', 'Dragon']",Berserk Sap Sipper Cloud Nine,78,60,85,135,91,36
Dhelmise,#00781,"['Ghost', 'Grass']",Steelworker,70,131,100,86,90,40
Jangmo-o,#00782,"['Dragon', nan]",Bulletproof Soundproof Overcoat,45,55,65,45,45,45
Hakamo-o,#00783,"['Dragon', 'Fighting']",Bulletproof Soundproof Overcoat,55,75,90,65,70,65
Kommo-o,#00784,"['Dragon', 'Fighting']",Bulletproof Soundproof Overcoat,75,110,125,100,105,85
Tapu Koko,#00785,"['Electric', 'Fairy']",Electric Surge Telepathy,70,115,85,95,75,130
Tapu Lele,#00786,"['Psychic', 'Fairy']",Psychic Surge Telepathy,70,85,75,130,115,95
Tapu Bulu,#00787,"['Grass', 'Fairy']",Grassy Surge Telepathy,70,130,115,85,95,75
Tapu Fini,#00788,"['Water', 'Fairy']",Misty Surge Telepathy,70,75,115,95,130,85
Cosmog,#00789,"['Psychic', nan]",Unaware,43,29,31,29,31,37
Cosmoem,#00790,"['Psychic', nan]",Sturdy,43,29,131,29,131,37
Solgaleo,#00791,"['Psychic', 'Steel']",Full Metal Body,137,137,107,113,89,97
Lunala,#00792,"['Psychic', 'Ghost']",Shadow Shield,137,113,89,137,107,97
Nihilego,#00793,"['Rock', 'Poison']",Beast Boost,109,53,47,127,131,103
Buzzwole,#00794,"['Bug', 'Fighting']",Beast Boost,107,139,139,53,53,79
Pheromosa,#00795,"['Bug', 'Fighting']",Beast Boost,71,137,37,137,37,151
Xurkitree,#00796,"['Electric', nan]",Beast Boost,83,89,71,173,71,83
Celesteela,#00797,"['Steel', 'Flying']",Beast Boost,97,101,103,107,101,61
Kartana,#00798,"['Grass', 'Steel']",Beast Boost,59,181,131,59,31,109
Guzzlord,#00799,"['Dark', 'Dragon']",Beast Boost,223,101,53,97,53,43
Necrozma,#00800,"['Psychic', nan]",Prism Armor,97,107,101,127,89,79
Magearna,#00801,"['Steel', 'Fairy']",Soul-Heart,80,95,115,130,115,65
Marshadow,#00802,"['Fighting', 'Ghost']",Technician,90,125,80,90,90,125
Poipole,#00803,"['Poison', nan]",Beast Boost,67,73,67,73,67,73
Naganadel,#00804,"['Poison', 'Dragon']",Beast Boost,73,73,73,127,73,121
Stakataka,#00805,"['Rock', 'Steel']",Beast Boost,61,131,211,53,101,13
Blacephalon,#00806,"['Fire', 'Ghost']",Beast Boost,53,127,53,151,79,107
Zeraora,#00807,"['Electric', nan]",Volt Absorb,88,112,75,102,80,143
Meltan,#00808,"['Steel', nan]",Magnet Pull,46,65,65,55,35,34
Melmetal,#00809,"['Steel', nan]",Iron Fist,135,143,143,80,65,34
Grookey,#00810,"['Grass', nan]",Overgrow Grassy Surge,50,65,50,40,40,65
Thwackey,#00811,"['Grass', nan]",Overgrow Grassy Surge,70,85,70,55,60,80
Rillaboom,#00812,"['Grass', nan]",Overgrow Grassy Surge,100,125,90,60,70,85
Scorbunny,#00813,"['Fire', nan]",Blaze Libero,50,71,40,40,40,69
Raboot,#00814,"['Fire', nan]",Blaze Libero,65,86,60,55,60,94
Cinderace,#00815,"['Fire', nan]",Blaze Libero,80,116,75,65,75,119
Sobble,#00816,"['Water', nan]",Torrent Sniper,50,40,40,70,40,70
Drizzile,#00817,"['Water', nan]",Torrent Sniper,65,60,55,95,55,90
Inteleon,#00818,"['Water', nan]",Torrent Sniper,70,85,65,125,65,120
Skwovet,#00819,"['Normal', nan]",Cheek Pouch Gluttony,70,55,55,35,35,25
Greedent,#00820,"['Normal', nan]",Cheek Pouch Gluttony,120,95,95,55,75,20
Rookidee,#00821,"['Flying', nan]",Keen Eye Unnerve Big Pecks,38,47,35,33,35,57
Corvisquire,#00822,"['Flying', nan]",Keen Eye Unnerve Big Pecks,68,67,55,43,55,77
Corviknight,#00823,"['Flying', 'Steel']",Pressure Unnerve Mirror Armor,98,87,105,53,85,67
Blipbug,#00824,"['Bug', nan]",Swarm Compoundeyes Telepathy,25,20,20,25,45,45
Dottler,#00825,"['Bug', 'Psychic']",Swarm Compoundeyes Telepathy,50,35,80,50,90,30
Orbeetle,#00826,"['Bug', 'Psychic']",Swarm Frisk Telepathy,60,45,110,80,120,90
Nickit,#00827,"['Dark', nan]",Run Away Unburden Stakeout,40,28,28,47,52,50
Thievul,#00828,"['Dark', nan]",Run Away Unburden Stakeout,70,58,58,87,92,90
Gossifleur,#00829,"['Grass', nan]",Cotton Down Regenerator Effect Spore,40,40,60,40,60,10
Eldegoss,#00830,"['Grass', nan]",Cotton Down Regenerator Effect Spore,60,50,90,80,120,60
Wooloo,#00831,"['Normal', nan]",Fluffy Run Away Bulletproof,42,40,55,40,45,48
Dubwool,#00832,"['Normal', nan]",Fluffy Steadfast Bulletproof,72,80,100,60,90,88
Chewtle,#00833,"['Water', nan]",Strong Jaw Shell Armor Swift Swim,50,64,50,38,38,44
Drednaw,#00834,"['Water', 'Rock']",Strong Jaw Shell Armor Swift Swim,90,115,90,48,68,74
Yamper,#00835,"['Electric', nan]",Ball Fetch Rattled,59,45,50,40,50,26
Boltund,#00836,"['Electric', nan]",Strong Jaw Competitive,69,90,60,90,60,121
Rolycoly,#00837,"['Rock', nan]",Steam Engine Heatproof Flash Fire,30,40,50,40,50,30
Carkol,#00838,"['Rock', 'Fire']",Steam Engine Flame Body Flash Fire,80,60,90,60,70,50
Coalossal,#00839,"['Rock', 'Fire']",Steam Engine Flame Body Flash Fire,110,80,120,80,90,30
Applin,#00840,"['Grass', 'Dragon']",Ripen Gluttony Bulletproof,40,40,80,40,40,20
Flapple,#00841,"['Grass', 'Dragon']",Ripen Gluttony Hustle,70,110,80,95,60,70
Appletun,#00842,"['Grass', 'Dragon']",Ripen Gluttony Thick Fat,110,85,80,100,80,30
Silicobra,#00843,"['Ground', nan]",Sand Spit Shed Skin Sand Veil,52,57,75,35,50,46
Sandaconda,#00844,"['Ground', nan]",Sand Spit Shed Skin Sand Veil,72,107,125,65,70,71
Cramorant,#00845,"['Flying', 'Water']",Gulp Missile,70,85,55,85,95,85
Arrokuda,#00846,"['Water', nan]",Swift Swim Propeller Tail,41,63,40,40,30,66
Barraskewda,#00847,"['Water', nan]",Swift Swim Propeller Tail,61,123,60,60,50,136
Toxel,#00848,"['Electric', 'Poison']",Rattled Static Klutz,40,38,35,54,35,40
Toxtricity,#00849,"['Electric', 'Poison']",Punk Rock Plus Technician,75,98,70,114,70,75
Sizzlipede,#00850,"['Fire', 'Bug']",Flash Fire White Smoke Flame Body,50,65,45,50,50,45
Centiskorch,#00851,"['Fire', 'Bug']",Flash Fire White Smoke Flame Body,100,115,65,90,90,65
Clobbopus,#00852,"['Fighting', nan]",Limber Technician,50,68,60,50,50,32
Grapploct,#00853,"['Fighting', nan]",Limber Technician,80,118,90,70,80,42
Sinistea,#00854,"['Ghost', nan]",Weak Armor Cursed Body,40,45,45,74,54,50
Polteageist,#00855,"['Ghost', nan]",Weak Armor Cursed Body,60,65,65,134,114,70
Hatenna,#00856,"['Psychic', nan]",Healer Anticipation Magic Bounce,42,30,45,56,53,39
Hattrem,#00857,"['Psychic', nan]",Healer Anticipation Magic Bounce,57,40,65,86,73,49
Hatterene,#00858,"['Psychic', 'Fairy']",Healer Anticipation Magic Bounce,57,90,95,136,103,29
Impidimp,#00859,"['Dark', 'Fairy']",Prankster Frisk Pickpocket,45,45,30,55,40,50
Morgrem,#00860,"['Dark', 'Fairy']",Prankster Frisk Pickpocket,65,60,45,75,55,70
Grimmsnarl,#00861,"['Dark', 'Fairy']",Prankster Frisk Pickpocket,95,120,65,95,75,60
Obstagoon,#00862,"['Dark', 'Normal']",Reckless Guts Defiant,93,90,101,60,81,95
Perrserker,#00863,"['Steel', nan]",Battle Armor Tough Claws Steely Spirit,70,110,100,50,60,50
Cursola,#00864,"['Ghost', nan]",Weak Armor Perish Body,60,95,50,145,130,30
Sirfetch'd,#00865,"['Fighting', nan]",Steadfast Scrappy,62,135,95,68,82,65
Mr. Rime,#00866,"['Ice', 'Psychic']",Tangled Feet Screen Cleaner Ice Body,80,85,75,110,100,70
Runerigus,#00867,"['Ground', 'Ghost']",Wandering Spirit,58,95,145,50,105,30
Milcery,#00868,"['Fairy', nan]",Sweet Veil Aroma Veil,45,40,40,50,61,34
Alcremie,#00869,"['Fairy', nan]",Sweet Veil Aroma Veil,65,60,75,110,121,64
Falinks,#00870,"['Fighting', nan]",Battle Armor Defiant,65,100,100,70,60,75
Pincurchin,#00871,"['Electric', nan]",Lightning Rod Electric Surge,48,101,95,91,85,15
Snom,#00872,"['Ice', 'Bug']",Shield Dust Ice Scales,30,25,35,45,30,20
Frosmoth,#00873,"['Ice', 'Bug']",Shield Dust Ice Scales,70,65,60,125,90,65
Stonjourner,#00874,"['Rock', nan]",Power Spot,100,125,135,20,20,70
Eiscue,#00875,"['Ice', nan]",Ice Face,75,80,110,65,90,50
Indeedee,#00876,"['Psychic', 'Normal']",Inner Focus Synchronize Psychic Surge,60,65,55,105,95,95
Morpeko,#00877,"['Electric', 'Dark']",Hunger Switch,58,95,58,70,58,97
Cufant,#00878,"['Steel', nan]",Sheer Force Heavy Metal,72,80,49,40,49,40
Copperajah,#00879,"['Steel', nan]",Sheer Force Heavy Metal,122,130,69,80,69,30
Dracozolt,#00880,"['Electric', 'Dragon']",Volt Absorb Hustle Sand Rush,90,100,90,80,70,75
Arctozolt,#00881,"['Electric', 'Ice']",Volt Absorb Static Slush Rush,90,100,90,90,80,55
Dracovish,#00882,"['Water', 'Dragon']",Water Absorb Strong Jaw Sand Rush,90,90,100,70,80,75
Arctovish,#00883,"['Water', 'Ice']",Water Absorb Ice Body Slush Rush,90,90,100,80,90,55
Duraludon,#00884,"['Steel', 'Dragon']",Light Metal Heavy Metal Stalwart,70,95,115,120,50,85
Dreepy,#00885,"['Dragon', 'Ghost']",Clear Body Infiltrator Cursed Body,28,60,30,40,30,82
Drakloak,#00886,"['Dragon', 'Ghost']",Clear Body Infiltrator Cursed Body,68,80,50,60,50,102
Dragapult,#00887,"['Dragon', 'Ghost']",Clear Body Infiltrator Cursed Body,88,120,75,100,75,142
Zacian,#00888,"['Fairy', nan]",Intrepid Sword,92,120,115,80,115,138
Zamazenta,#00889,"['Fighting', nan]",Dauntless Shield,92,120,115,80,115,138
Eternatus,#00890,"['Poison', 'Dragon']",Pressure,140,85,95,145,95,130
Kubfu,#00891,"['Fighting', nan]",Inner Focus,60,90,60,53,50,72
Urshifu,#00892,"['Fighting', 'Dark']",Unseen Fist,100,130,100,63,60,97
Zarude,#00893,"['Dark', 'Grass']",Leaf Guard,105,120,105,70,95,105
Regieleki,#00894,"['Electric', nan]",Transistor,80,100,50,100,50,200
Regidrago,#00895,"['Dragon', nan]",Dragon's Maw,200,100,50,100,50,80
Glastrier,#00896,"['Ice', nan]",Chilling Neigh,100,145,130,65,110,30
Spectrier,#00897,"['Ghost', nan]",Grim Neigh,100,65,60,145,80,130
Calyrex,#00898,"['Psychic', 'Grass']",Unnerve,100,80,80,80,80,80
Wyrdeer,#00899,"['Normal', 'Psychic']",Intimidate Frisk Sap Sipper,103,105,72,105,75,65
Kleavor,#00900,"['Bug', 'Rock']",Swarm Sheer Force Steadfast,70,135,95,45,70,85
Ursaluna,#00901,"['Ground', 'Normal']",Guts Bulletproof Unnerve,130,140,105,45,80,50
Basculegion,#00902,"['Water', 'Ghost']",Rattled Adaptability Mold Breaker,120,112,65,80,75,78
Sneasler,#00903,"['Fighting', 'Poison']",Pressure Poison Touch,80,130,60,40,80,120
Overqwil,#00904,"['Dark', 'Poison']",Poison Point Swift Swim Intimidate,85,115,95,65,65,85
Enamorus,#00905,"['Fairy', 'Flying']",Healer Contrary,74,115,70,135,80,106
Sprigatito,#00906,"['Grass', nan]",Overgrow Protean,40,61,54,45,45,65
Floragato,#00907,"['Grass', nan]",Overgrow Protean,61,80,63,60,63,83
Meowscarada,#00908,"['Grass', 'Dark']",Overgrow Protean,76,110,70,81,70,123
Fuecoco,#00909,"['Fire', nan]",Blaze Unaware,67,45,59,63,40,36
Crocalor,#00910,"['Fire', nan]",Blaze Unaware,81,55,78,90,58,49
Skeledirge,#00911,"['Fire', 'Ghost']",Blaze Unaware,104,75,100,110,75,66
Quaxly,#00912,"['Water', nan]",Torrent Moxie,55,65,45,50,45,50
Quaxwell,#00913,"['Water', nan]",Torrent Moxie,70,85,65,65,60,65
Quaquaval,#00914,"['Water', 'Fighting']",Torrent Moxie,85,120,80,85,75,85
Lechonk,#00915,"['Normal', nan]",Aroma Veil Gluttony Thick Fat,54,45,40,35,45,35
Oinkologne,#00916,"['Normal', nan]",Lingering Aroma Gluttony Thick Fat,110,100,75,59,80,65
Tarountula,#00917,"['Bug', nan]",Insomnia Stakeout,35,41,45,29,40,20
Spidops,#00918,"['Bug', nan]",Insomnia Stakeout,60,79,92,52,86,35
Nymble,#00919,"['Bug', nan]",Swarm Tinted Lens,33,46,40,21,25,45
Lokix,#00920,"['Bug', 'Dark']",Swarm Tinted Lens,71,102,78,52,55,92
Pawmi,#00921,"['Electric', nan]",Static Natural Cure Iron Fist,45,50,20,40,25,60
Pawmo,#00922,"['Electric', 'Fighting']",Volt Absorb Natural Cure Iron Fist,60,75,40,50,40,85
Pawmot,#00923,"['Electric', 'Fighting']",Volt Absorb Natural Cure Iron Fist,70,115,70,70,60,105
Tandemaus,#00924,"['Normal', nan]",Run Away Pickup Own Tempo,50,50,45,40,45,75
Maushold,#00925,"['Normal', nan]",Friend Guard Cheek Pouch Technician,74,75,70,65,75,111
Fidough,#00926,"['Fairy', nan]",Own Tempo Klutz,37,55,70,30,55,65
Dachsbun,#00927,"['Fairy', nan]",Well-Baked Body Aroma Veil,57,80,115,50,80,95
Smoliv,#00928,"['Grass', 'Normal']",Early Bird Harvest,41,35,45,58,51,30
Dolliv,#00929,"['Grass', 'Normal']",Early Bird Harvest,52,53,60,78,78,33
Arboliva,#00930,"['Grass', 'Normal']",Seed Sower Harvest,78,69,90,125,109,39
Squawkabilly,#00931,"['Normal', 'Flying']",Intimidate Hustle Guts,82,96,51,45,51,92
Nacli,#00932,"['Rock', nan]",Purifying Salt Sturdy Clear Body,55,55,75,35,35,25
Naclstack,#00933,"['Rock', nan]",Purifying Salt Sturdy Clear Body,60,60,100,35,65,35
Garganacl,#00934,"['Rock', nan]",Purifying Salt Sturdy Clear Body,100,100,130,45,90,35
Charcadet,#00935,"['Fire', nan]",Flash Fire Flame Body,40,50,40,50,40,35
Armarouge,#00936,"['Fire', 'Psychic']",Flash Fire Weak Armor,85,60,100,125,80,75
Ceruledge,#00937,"['Fire', 'Ghost']",Flash Fire Weak Armor,75,125,80,60,100,85
Tadbulb,#00938,"['Electric', nan]",Own Tempo Static Damp,61,31,41,59,35,45
Bellibolt,#00939,"['Electric', nan]",Electromorphosis Static Damp,109,64,91,103,83,45
Wattrel,#00940,"['Electric', 'Flying']",Wind Power Volt Absorb Competitive,40,40,35,55,40,70
Kilowattrel,#00941,"['Electric', 'Flying']",Wind Power Volt Absorb Competitive,70,70,60,105,60,125
Maschiff,#00942,"['Dark', nan]",Intimidate Run Away Stakeout,60,78,60,40,51,51
Mabosstiff,#00943,"['Dark', nan]",Intimidate Guard Dog Stakeout,80,120,90,60,70,85
Shroodle,#00944,"['Poison', 'Normal']",Unburden Pickpocket Prankster,40,65,35,40,35,75
Grafaiai,#00945,"['Poison', 'Normal']",Unburden Poison Touch Prankster,63,95,65,80,72,110
Bramblin,#00946,"['Grass', 'Ghost']",Wind Rider Infiltrator,40,65,30,45,35,60
Brambleghast,#00947,"['Grass', 'Ghost']",Wind Rider Infiltrator,55,115,70,80,70,90
Toedscool,#00948,"['Ground', 'Grass']",Mycelium Might,40,40,35,50,100,70
Toedscruel,#00949,"['Ground', 'Grass']",Mycelium Might,80,70,65,80,120,100
Klawf,#00950,"['Rock', nan]",Anger Shell Shell Armor Regenerator,70,100,115,35,55,75
Capsakid,#00951,"['Grass', nan]",Chlorophyll Insomnia Klutz,50,62,40,62,40,50
Scovillain,#00952,"['Grass', 'Fire']",Chlorophyll Insomnia Moody,65,108,65,108,65,75
Rellor,#00953,"['Bug', nan]",Compoundeyes Shed Skin,41,50,60,31,58,30
Rabsca,#00954,"['Bug', 'Psychic']",Synchronize Telepathy,75,50,85,115,100,45
Flittle,#00955,"['Psychic', nan]",Anticipation Frisk Speed Boost,30,35,30,55,30,75
Espathra,#00956,"['Psychic', nan]",Opportunist Frisk Speed Boost,95,60,60,101,60,105
Tinkatink,#00957,"['Fairy', 'Steel']",Mold Breaker Own Tempo Pickpocket,50,45,45,35,64,58
Tinkatuff,#00958,"['Fairy', 'Steel']",Mold Breaker Own Tempo Pickpocket,65,55,55,45,82,78
Tinkaton,#00959,"['Fairy', 'Steel']",Mold Breaker Own Tempo Pickpocket,85,75,77,70,105,94
Wiglett,#00960,"['Water', nan]",Gooey Rattled Sand Veil,10,55,25,35,25,95
Wugtrio,#00961,"['Water', nan]",Gooey Rattled Sand Veil,35,100,50,50,70,120
Bombirdier,#00962,"['Flying', 'Dark']",Big Pecks Keen Eye Rocky Payload,70,103,85,60,85,82
Finizen,#00963,"['Water', nan]",Water Veil,70,45,40,45,40,75
Palafin,#00964,"['Water', nan]",Zero to Hero,100,70,72,53,62,100
Varoom,#00965,"['Steel', 'Poison']",Overcoat Slow Start,45,70,63,30,45,47
Revavroom,#00966,"['Steel', 'Poison']",Overcoat Filter,80,119,90,54,67,90
Cyclizar,#00967,"['Dragon', 'Normal']",Shed Skin Regenerator,70,95,65,85,65,121
Orthworm,#00968,"['Steel', nan]",Earth Eater Sand Veil,70,85,145,60,55,65
Glimmet,#00969,"['Rock', 'Poison']",Toxic Debris Corrosion,48,35,42,105,60,60
Glimmora,#00970,"['Rock', 'Poison']",Toxic Debris Corrosion,83,55,90,130,81,86
Greavard,#00971,"['Ghost', nan]",Pickup Fluffy,50,61,60,30,55,34
Houndstone,#00972,"['Ghost', nan]",Sand Rush Fluffy,72,101,100,50,97,68
Flamigo,#00973,"['Flying', 'Fighting']",Scrappy Tangled Feet Costar,82,115,74,75,64,90
Cetoddle,#00974,"['Ice', nan]",Thick Fat Snow Cloak Sheer Force,108,68,45,30,40,43
Cetitan,#00975,"['Ice', nan]",Thick Fat Slush Rush Sheer Force,170,113,65,45,55,73
Veluza,#00976,"['Water', 'Psychic']",Mold Breaker Sharpness,90,102,73,78,65,70
Dondozo,#00977,"['Water', nan]",Unaware Oblivious Water Veil,150,100,115,65,65,35
Tatsugiri,#00978,"['Dragon', 'Water']",Commander Storm Drain,68,50,60,120,95,82
Annihilape,#00979,"['Fighting', 'Ghost']",Vital Spirit Inner Focus Defiant,110,115,80,50,90,90
Clodsire,#00980,"['Poison', 'Ground']",Poison Point Water Absorb Unaware,130,75,60,45,100,20
Farigiraf,#00981,"['Normal', 'Psychic']",Cud Chew Armor Tail Sap Sipper,120,90,70,110,70,60
Dudunsparce,#00982,"['Normal', nan]",Serene Grace Run Away Rattled,125,100,80,85,75,55
Kingambit,#00983,"['Dark', 'Steel']",Defiant Supreme Overlord Pressure,100,135,120,60,85,50
Great Tusk,#00984,"['Ground', 'Fighting']",Protosynthesis,115,131,131,53,53,87
Scream Tail,#00985,"['Fairy', 'Psychic']",Protosynthesis,115,65,99,65,115,111
Brute Bonnet,#00986,"['Grass', 'Dark']",Protosynthesis,111,127,99,79,99,55
Flutter Mane,#00987,"['Ghost', 'Fairy']",Protosynthesis,55,55,55,135,135,135
Slither Wing,#00988,"['Bug', 'Fighting']",Protosynthesis,85,135,79,85,105,81
Sandy Shocks,#00989,"['Electric', 'Ground']",Protosynthesis,85,81,97,121,85,101
Iron Treads,#00990,"['Ground', 'Steel']",Quark Drive,90,112,120,72,70,106
Iron Bundle,#00991,"['Ice', 'Water']",Quark Drive,56,80,114,124,60,136
Iron Hands,#00992,"['Fighting', 'Electric']",Quark Drive,154,140,108,50,68,50
Iron Jugulis,#00993,"['Dark', 'Flying']",Quark Drive,94,80,86,122,80,108
Iron Moth,#00994,"['Fire', 'Poison']",Quark Drive,80,70,60,140,110,110
Iron Thorns,#00995,"['Rock', 'Electric']",Quark Drive,100,134,110,70,84,72
Frigibax,#00996,"['Dragon', 'Ice']",Thermal Exchange Ice Body,65,75,45,35,45,55
Arctibax,#00997,"['Dragon', 'Ice']",Thermal Exchange Ice Body,90,95,66,45,65,62
Baxcalibur,#00998,"['Dragon', 'Ice']",Thermal Exchange Ice Body,115,145,92,75,86,87
Gimmighoul,#00999,"['Ghost', nan]",Rattled,45,30,70,75,70,10
Gholdengo,#1000,"['Steel', 'Ghost']",Good as Gold,87,60,95,133,91,84
Wo-Chien,#1001,"['Dark', 'Grass']",Tablets of Ruin,85,85,100,95,135,70
Chien-Pao,#1002,"['Dark', 'Ice']",Sword of Ruin,80,120,80,90,65,135
Ting-Lu,#1003,"['Dark', 'Ground']",Vessel of Ruin,155,110,125,55,80,45
Chi-Yu,#1004,"['Dark', 'Fire']",Beads of Ruin,55,80,80,135,120,100
Roaring Moon,#1005,"['Dragon', 'Dark']",Protosynthesis,105,139,71,55,101,119
Iron Valiant,#1006,"['Fairy', 'Fighting']",Quark Drive,74,130,90,120,60,116
Koraidon,#1007,"['Fighting', 'Dragon']",Orichalcum Pulse,100,135,115,85,100,135
Miraidon,#1008,"['Electric', 'Dragon']",Hadron Engine,100,85,100,135,115,135
Walking Wake,#1009,"['Water', 'Dragon']",Protosynthesis,99,83,91,125,83,109
Iron Leaves,#1010,"['Grass', 'Psychic']",Quark Drive,90,130,88,70,108,104
